#include "OLED_Data.h"

/**
  * 数据存储格式：
  * 纵向8点，高位在下，先从左到右，再从上到下
  * 每一个Bit对应一个像素点
  * 
  *      B0 B0                  B0 B0
  *      B1 B1                  B1 B1
  *      B2 B2                  B2 B2
  *      B3 B3  ------------->  B3 B3 --
  *      B4 B4                  B4 B4  |
  *      B5 B5                  B5 B5  |
  *      B6 B6                  B6 B6  |
  *      B7 B7                  B7 B7  |
  *                                    |
  *  -----------------------------------
  *  |   
  *  |   B0 B0                  B0 B0
  *  |   B1 B1                  B1 B1
  *  |   B2 B2                  B2 B2
  *  --> B3 B3  ------------->  B3 B3
  *      B4 B4                  B4 B4
  *      B5 B5                  B5 B5
  *      B6 B6                  B6 B6
  *      B7 B7                  B7 B7
  * 
  */

/*ASCII字模数据*********************/

/*宽8像素，高16像素*/
const uint8_t OLED_F8x16[][16] =
{
	0x00,0x00,0x00,0x00,0x00,0x00,0x00,0x00,
	0x00,0x00,0x00,0x00,0x00,0x00,0x00,0x00,//   0
	0x00,0x00,0x00,0xF8,0x00,0x00,0x00,0x00,
	0x00,0x00,0x00,0x33,0x30,0x00,0x00,0x00,// ! 1
	0x00,0x16,0x0E,0x00,0x16,0x0E,0x00,0x00,
	0x00,0x00,0x00,0x00,0x00,0x00,0x00,0x00,// " 2
	0x40,0xC0,0x78,0x40,0xC0,0x78,0x40,0x00,
	0x04,0x3F,0x04,0x04,0x3F,0x04,0x04,0x00,// # 3
	0x00,0x70,0x88,0xFC,0x08,0x30,0x00,0x00,
	0x00,0x18,0x20,0xFF,0x21,0x1E,0x00,0x00,// $ 4
	0xF0,0x08,0xF0,0x00,0xE0,0x18,0x00,0x00,
	0x00,0x21,0x1C,0x03,0x1E,0x21,0x1E,0x00,// % 5
	0x00,0xF0,0x08,0x88,0x70,0x00,0x00,0x00,
	0x1E,0x21,0x23,0x24,0x19,0x27,0x21,0x10,// & 6
	0x00,0x00,0x00,0x16,0x0E,0x00,0x00,0x00,
	0x00,0x00,0x00,0x00,0x00,0x00,0x00,0x00,// ' 7
	0x00,0x00,0x00,0xE0,0x18,0x04,0x02,0x00,
	0x00,0x00,0x00,0x07,0x18,0x20,0x40,0x00,// ( 8
	0x00,0x02,0x04,0x18,0xE0,0x00,0x00,0x00,
	0x00,0x40,0x20,0x18,0x07,0x00,0x00,0x00,// ) 9
	0x40,0x40,0x80,0xF0,0x80,0x40,0x40,0x00,
	0x02,0x02,0x01,0x0F,0x01,0x02,0x02,0x00,// * 10
	0x00,0x00,0x00,0xF0,0x00,0x00,0x00,0x00,
	0x01,0x01,0x01,0x1F,0x01,0x01,0x01,0x00,// + 11
	0x00,0x00,0x00,0x00,0x00,0x00,0x00,0x00,
	0x00,0xB0,0x70,0x00,0x00,0x00,0x00,0x00,// , 12
	0x00,0x00,0x00,0x00,0x00,0x00,0x00,0x00,
	0x00,0x01,0x01,0x01,0x01,0x01,0x01,0x01,// - 13
	0x00,0x00,0x00,0x00,0x00,0x00,0x00,0x00,
	0x00,0x30,0x30,0x00,0x00,0x00,0x00,0x00,// . 14
	0x00,0x00,0x00,0x00,0x80,0x60,0x18,0x04,
	0x00,0x60,0x18,0x06,0x01,0x00,0x00,0x00,// / 15
	0x00,0xE0,0x10,0x08,0x08,0x10,0xE0,0x00,
	0x00,0x0F,0x10,0x20,0x20,0x10,0x0F,0x00,// 0 16
	0x00,0x10,0x10,0xF8,0x00,0x00,0x00,0x00,
	0x00,0x20,0x20,0x3F,0x20,0x20,0x00,0x00,// 1 17
	0x00,0x70,0x08,0x08,0x08,0x88,0x70,0x00,
	0x00,0x30,0x28,0x24,0x22,0x21,0x30,0x00,// 2 18
	0x00,0x30,0x08,0x88,0x88,0x48,0x30,0x00,
	0x00,0x18,0x20,0x20,0x20,0x11,0x0E,0x00,// 3 19
	0x00,0x00,0xC0,0x20,0x10,0xF8,0x00,0x00,
	0x00,0x07,0x04,0x24,0x24,0x3F,0x24,0x00,// 4 20
	0x00,0xF8,0x08,0x88,0x88,0x08,0x08,0x00,
	0x00,0x19,0x21,0x20,0x20,0x11,0x0E,0x00,// 5 21
	0x00,0xE0,0x10,0x88,0x88,0x18,0x00,0x00,
	0x00,0x0F,0x11,0x20,0x20,0x11,0x0E,0x00,// 6 22
	0x00,0x38,0x08,0x08,0xC8,0x38,0x08,0x00,
	0x00,0x00,0x00,0x3F,0x00,0x00,0x00,0x00,// 7 23
	0x00,0x70,0x88,0x08,0x08,0x88,0x70,0x00,
	0x00,0x1C,0x22,0x21,0x21,0x22,0x1C,0x00,// 8 24
	0x00,0xE0,0x10,0x08,0x08,0x10,0xE0,0x00,
	0x00,0x00,0x31,0x22,0x22,0x11,0x0F,0x00,// 9 25
	0x00,0x00,0x00,0xC0,0xC0,0x00,0x00,0x00,
	0x00,0x00,0x00,0x30,0x30,0x00,0x00,0x00,// : 26
	0x00,0x00,0x00,0xC0,0xC0,0x00,0x00,0x00,
	0x00,0x00,0x80,0xB0,0x70,0x00,0x00,0x00,// ; 27
	0x00,0x00,0x80,0x40,0x20,0x10,0x08,0x00,
	0x00,0x01,0x02,0x04,0x08,0x10,0x20,0x00,// < 28
	0x40,0x40,0x40,0x40,0x40,0x40,0x40,0x00,
	0x04,0x04,0x04,0x04,0x04,0x04,0x04,0x00,// = 29
	0x00,0x08,0x10,0x20,0x40,0x80,0x00,0x00,
	0x00,0x20,0x10,0x08,0x04,0x02,0x01,0x00,// > 30
	0x00,0x70,0x48,0x08,0x08,0x08,0xF0,0x00,
	0x00,0x00,0x00,0x30,0x36,0x01,0x00,0x00,// ? 31
	0xC0,0x30,0xC8,0x28,0xE8,0x10,0xE0,0x00,
	0x07,0x18,0x27,0x24,0x23,0x14,0x0B,0x00,// @ 32
	0x00,0x00,0xC0,0x38,0xE0,0x00,0x00,0x00,
	0x20,0x3C,0x23,0x02,0x02,0x27,0x38,0x20,// A 33
	0x08,0xF8,0x88,0x88,0x88,0x70,0x00,0x00,
	0x20,0x3F,0x20,0x20,0x20,0x11,0x0E,0x00,// B 34
	0xC0,0x30,0x08,0x08,0x08,0x08,0x38,0x00,
	0x07,0x18,0x20,0x20,0x20,0x10,0x08,0x00,// C 35
	0x08,0xF8,0x08,0x08,0x08,0x10,0xE0,0x00,
	0x20,0x3F,0x20,0x20,0x20,0x10,0x0F,0x00,// D 36
	0x08,0xF8,0x88,0x88,0xE8,0x08,0x10,0x00,
	0x20,0x3F,0x20,0x20,0x23,0x20,0x18,0x00,// E 37
	0x08,0xF8,0x88,0x88,0xE8,0x08,0x10,0x00,
	0x20,0x3F,0x20,0x00,0x03,0x00,0x00,0x00,// F 38
	0xC0,0x30,0x08,0x08,0x08,0x38,0x00,0x00,
	0x07,0x18,0x20,0x20,0x22,0x1E,0x02,0x00,// G 39
	0x08,0xF8,0x08,0x00,0x00,0x08,0xF8,0x08,
	0x20,0x3F,0x21,0x01,0x01,0x21,0x3F,0x20,// H 40
	0x00,0x08,0x08,0xF8,0x08,0x08,0x00,0x00,
	0x00,0x20,0x20,0x3F,0x20,0x20,0x00,0x00,// I 41
	0x00,0x00,0x08,0x08,0xF8,0x08,0x08,0x00,
	0xC0,0x80,0x80,0x80,0x7F,0x00,0x00,0x00,// J 42
	0x08,0xF8,0x88,0xC0,0x28,0x18,0x08,0x00,
	0x20,0x3F,0x20,0x01,0x26,0x38,0x20,0x00,// K 43
	0x08,0xF8,0x08,0x00,0x00,0x00,0x00,0x00,
	0x20,0x3F,0x20,0x20,0x20,0x20,0x30,0x00,// L 44
	0x08,0xF8,0xF8,0x00,0xF8,0xF8,0x08,0x00,
	0x20,0x3F,0x00,0x3F,0x00,0x3F,0x20,0x00,// M 45
	0x08,0xF8,0x30,0xC0,0x00,0x08,0xF8,0x08,
	0x20,0x3F,0x20,0x00,0x07,0x18,0x3F,0x00,// N 46
	0xE0,0x10,0x08,0x08,0x08,0x10,0xE0,0x00,
	0x0F,0x10,0x20,0x20,0x20,0x10,0x0F,0x00,// O 47
	0x08,0xF8,0x08,0x08,0x08,0x08,0xF0,0x00,
	0x20,0x3F,0x21,0x01,0x01,0x01,0x00,0x00,// P 48
	0xE0,0x10,0x08,0x08,0x08,0x10,0xE0,0x00,
	0x0F,0x18,0x24,0x24,0x38,0x50,0x4F,0x00,// Q 49
	0x08,0xF8,0x88,0x88,0x88,0x88,0x70,0x00,
	0x20,0x3F,0x20,0x00,0x03,0x0C,0x30,0x20,// R 50
	0x00,0x70,0x88,0x08,0x08,0x08,0x38,0x00,
	0x00,0x38,0x20,0x21,0x21,0x22,0x1C,0x00,// S 51
	0x18,0x08,0x08,0xF8,0x08,0x08,0x18,0x00,
	0x00,0x00,0x20,0x3F,0x20,0x00,0x00,0x00,// T 52
	0x08,0xF8,0x08,0x00,0x00,0x08,0xF8,0x08,
	0x00,0x1F,0x20,0x20,0x20,0x20,0x1F,0x00,// U 53
	0x08,0x78,0x88,0x00,0x00,0xC8,0x38,0x08,
	0x00,0x00,0x07,0x38,0x0E,0x01,0x00,0x00,// V 54
	0xF8,0x08,0x00,0xF8,0x00,0x08,0xF8,0x00,
	0x03,0x3C,0x07,0x00,0x07,0x3C,0x03,0x00,// W 55
	0x08,0x18,0x68,0x80,0x80,0x68,0x18,0x08,
	0x20,0x30,0x2C,0x03,0x03,0x2C,0x30,0x20,// X 56
	0x08,0x38,0xC8,0x00,0xC8,0x38,0x08,0x00,
	0x00,0x00,0x20,0x3F,0x20,0x00,0x00,0x00,// Y 57
	0x10,0x08,0x08,0x08,0xC8,0x38,0x08,0x00,
	0x20,0x38,0x26,0x21,0x20,0x20,0x18,0x00,// Z 58
	0x00,0x00,0x00,0xFE,0x02,0x02,0x02,0x00,
	0x00,0x00,0x00,0x7F,0x40,0x40,0x40,0x00,// [ 59
	0x00,0x0C,0x30,0xC0,0x00,0x00,0x00,0x00,
	0x00,0x00,0x00,0x01,0x06,0x38,0xC0,0x00,// \ 60
	0x00,0x02,0x02,0x02,0xFE,0x00,0x00,0x00,
	0x00,0x40,0x40,0x40,0x7F,0x00,0x00,0x00,// ] 61
	0x00,0x20,0x10,0x08,0x04,0x08,0x10,0x20,
	0x00,0x00,0x00,0x00,0x00,0x00,0x00,0x00,// ^ 62
	0x00,0x00,0x00,0x00,0x00,0x00,0x00,0x00,
	0x80,0x80,0x80,0x80,0x80,0x80,0x80,0x80,// _ 63
	0x00,0x02,0x04,0x08,0x00,0x00,0x00,0x00,
	0x00,0x00,0x00,0x00,0x00,0x00,0x00,0x00,// ` 64
	0x00,0x00,0x80,0x80,0x80,0x80,0x00,0x00,
	0x00,0x19,0x24,0x22,0x22,0x22,0x3F,0x20,// a 65
	0x08,0xF8,0x00,0x80,0x80,0x00,0x00,0x00,
	0x00,0x3F,0x11,0x20,0x20,0x11,0x0E,0x00,// b 66
	0x00,0x00,0x00,0x80,0x80,0x80,0x00,0x00,
	0x00,0x0E,0x11,0x20,0x20,0x20,0x11,0x00,// c 67
	0x00,0x00,0x00,0x80,0x80,0x88,0xF8,0x00,
	0x00,0x0E,0x11,0x20,0x20,0x10,0x3F,0x20,// d 68
	0x00,0x00,0x80,0x80,0x80,0x80,0x00,0x00,
	0x00,0x1F,0x22,0x22,0x22,0x22,0x13,0x00,// e 69
	0x00,0x80,0x80,0xF0,0x88,0x88,0x88,0x18,
	0x00,0x20,0x20,0x3F,0x20,0x20,0x00,0x00,// f 70
	0x00,0x00,0x80,0x80,0x80,0x80,0x80,0x00,
	0x00,0x6B,0x94,0x94,0x94,0x93,0x60,0x00,// g 71
	0x08,0xF8,0x00,0x80,0x80,0x80,0x00,0x00,
	0x20,0x3F,0x21,0x00,0x00,0x20,0x3F,0x20,// h 72
	0x00,0x80,0x98,0x98,0x00,0x00,0x00,0x00,
	0x00,0x20,0x20,0x3F,0x20,0x20,0x00,0x00,// i 73
	0x00,0x00,0x00,0x80,0x98,0x98,0x00,0x00,
	0x00,0xC0,0x80,0x80,0x80,0x7F,0x00,0x00,// j 74
	0x08,0xF8,0x00,0x00,0x80,0x80,0x80,0x00,
	0x20,0x3F,0x24,0x02,0x2D,0x30,0x20,0x00,// k 75
	0x00,0x08,0x08,0xF8,0x00,0x00,0x00,0x00,
	0x00,0x20,0x20,0x3F,0x20,0x20,0x00,0x00,// l 76
	0x80,0x80,0x80,0x80,0x80,0x80,0x80,0x00,
	0x20,0x3F,0x20,0x00,0x3F,0x20,0x00,0x3F,// m 77
	0x00,0x80,0x80,0x00,0x80,0x80,0x00,0x00,
	0x00,0x20,0x3F,0x21,0x00,0x20,0x3F,0x20,// n 78
	0x00,0x00,0x80,0x80,0x80,0x80,0x00,0x00,
	0x00,0x1F,0x20,0x20,0x20,0x20,0x1F,0x00,// o 79
	0x80,0x80,0x00,0x80,0x80,0x00,0x00,0x00,
	0x80,0xFF,0xA1,0x20,0x20,0x11,0x0E,0x00,// p 80
	0x00,0x00,0x00,0x80,0x80,0x80,0x80,0x00,
	0x00,0x0E,0x11,0x20,0x20,0xA0,0xFF,0x80,// q 81
	0x80,0x80,0x80,0x00,0x80,0x80,0x80,0x00,
	0x20,0x20,0x3F,0x21,0x20,0x00,0x01,0x00,// r 82
	0x00,0x00,0x80,0x80,0x80,0x80,0x80,0x00,
	0x00,0x33,0x24,0x24,0x24,0x24,0x19,0x00,// s 83
	0x00,0x80,0x80,0xE0,0x80,0x80,0x00,0x00,
	0x00,0x00,0x00,0x1F,0x20,0x20,0x00,0x00,// t 84
	0x80,0x80,0x00,0x00,0x00,0x80,0x80,0x00,
	0x00,0x1F,0x20,0x20,0x20,0x10,0x3F,0x20,// u 85
	0x80,0x80,0x80,0x00,0x00,0x80,0x80,0x80,
	0x00,0x01,0x0E,0x30,0x08,0x06,0x01,0x00,// v 86
	0x80,0x80,0x00,0x80,0x00,0x80,0x80,0x80,
	0x0F,0x30,0x0C,0x03,0x0C,0x30,0x0F,0x00,// w 87
	0x00,0x80,0x80,0x00,0x80,0x80,0x80,0x00,
	0x00,0x20,0x31,0x2E,0x0E,0x31,0x20,0x00,// x 88
	0x80,0x80,0x80,0x00,0x00,0x80,0x80,0x80,
	0x80,0x81,0x8E,0x70,0x18,0x06,0x01,0x00,// y 89
	0x00,0x80,0x80,0x80,0x80,0x80,0x80,0x00,
	0x00,0x21,0x30,0x2C,0x22,0x21,0x30,0x00,// z 90
	0x00,0x00,0x00,0x00,0x80,0x7C,0x02,0x02,
	0x00,0x00,0x00,0x00,0x00,0x3F,0x40,0x40,// { 91
	0x00,0x00,0x00,0x00,0xFF,0x00,0x00,0x00,
	0x00,0x00,0x00,0x00,0xFF,0x00,0x00,0x00,// | 92
	0x00,0x02,0x02,0x7C,0x80,0x00,0x00,0x00,
	0x00,0x40,0x40,0x3F,0x00,0x00,0x00,0x00,// } 93
	0x00,0x80,0x40,0x40,0x80,0x00,0x00,0x80,
	0x00,0x00,0x00,0x00,0x00,0x01,0x01,0x00,// ~ 94
};

/*宽6像素，高8像素*/
const uint8_t OLED_F6x8[][6] = 
{
	0x00,0x00,0x00,0x00,0x00,0x00,//   0
	0x00,0x00,0x00,0x2F,0x00,0x00,// ! 1
	0x00,0x00,0x07,0x00,0x07,0x00,// " 2
	0x00,0x14,0x7F,0x14,0x7F,0x14,// # 3
	0x00,0x24,0x2A,0x7F,0x2A,0x12,// $ 4
	0x00,0x23,0x13,0x08,0x64,0x62,// % 5
	0x00,0x36,0x49,0x55,0x22,0x50,// & 6
	0x00,0x00,0x00,0x07,0x00,0x00,// ' 7
	0x00,0x00,0x1C,0x22,0x41,0x00,// ( 8
	0x00,0x00,0x41,0x22,0x1C,0x00,// ) 9
	0x00,0x14,0x08,0x3E,0x08,0x14,// * 10
	0x00,0x08,0x08,0x3E,0x08,0x08,// + 11
	0x00,0x00,0x00,0xA0,0x60,0x00,// , 12
	0x00,0x08,0x08,0x08,0x08,0x08,// - 13
	0x00,0x00,0x60,0x60,0x00,0x00,// . 14
	0x00,0x20,0x10,0x08,0x04,0x02,// / 15
	0x00,0x3E,0x51,0x49,0x45,0x3E,// 0 16
	0x00,0x00,0x42,0x7F,0x40,0x00,// 1 17
	0x00,0x42,0x61,0x51,0x49,0x46,// 2 18
	0x00,0x21,0x41,0x45,0x4B,0x31,// 3 19
	0x00,0x18,0x14,0x12,0x7F,0x10,// 4 20
	0x00,0x27,0x45,0x45,0x45,0x39,// 5 21
	0x00,0x3C,0x4A,0x49,0x49,0x30,// 6 22
	0x00,0x01,0x71,0x09,0x05,0x03,// 7 23
	0x00,0x36,0x49,0x49,0x49,0x36,// 8 24
	0x00,0x06,0x49,0x49,0x29,0x1E,// 9 25
	0x00,0x00,0x36,0x36,0x00,0x00,// : 26
	0x00,0x00,0x56,0x36,0x00,0x00,// ; 27
	0x00,0x08,0x14,0x22,0x41,0x00,// < 28
	0x00,0x14,0x14,0x14,0x14,0x14,// = 29
	0x00,0x00,0x41,0x22,0x14,0x08,// > 30
	0x00,0x02,0x01,0x51,0x09,0x06,// ? 31
	0x00,0x3E,0x49,0x55,0x59,0x2E,// @ 32
	0x00,0x7C,0x12,0x11,0x12,0x7C,// A 33
	0x00,0x7F,0x49,0x49,0x49,0x36,// B 34
	0x00,0x3E,0x41,0x41,0x41,0x22,// C 35
	0x00,0x7F,0x41,0x41,0x22,0x1C,// D 36
	0x00,0x7F,0x49,0x49,0x49,0x41,// E 37
	0x00,0x7F,0x09,0x09,0x09,0x01,// F 38
	0x00,0x3E,0x41,0x49,0x49,0x7A,// G 39
	0x00,0x7F,0x08,0x08,0x08,0x7F,// H 40
	0x00,0x00,0x41,0x7F,0x41,0x00,// I 41
	0x00,0x20,0x40,0x41,0x3F,0x01,// J 42
	0x00,0x7F,0x08,0x14,0x22,0x41,// K 43
	0x00,0x7F,0x40,0x40,0x40,0x40,// L 44
	0x00,0x7F,0x02,0x0C,0x02,0x7F,// M 45
	0x00,0x7F,0x04,0x08,0x10,0x7F,// N 46
	0x00,0x3E,0x41,0x41,0x41,0x3E,// O 47
	0x00,0x7F,0x09,0x09,0x09,0x06,// P 48
	0x00,0x3E,0x41,0x51,0x21,0x5E,// Q 49
	0x00,0x7F,0x09,0x19,0x29,0x46,// R 50
	0x00,0x46,0x49,0x49,0x49,0x31,// S 51
	0x00,0x01,0x01,0x7F,0x01,0x01,// T 52
	0x00,0x3F,0x40,0x40,0x40,0x3F,// U 53
	0x00,0x1F,0x20,0x40,0x20,0x1F,// V 54
	0x00,0x3F,0x40,0x38,0x40,0x3F,// W 55
	0x00,0x63,0x14,0x08,0x14,0x63,// X 56
	0x00,0x07,0x08,0x70,0x08,0x07,// Y 57
	0x00,0x61,0x51,0x49,0x45,0x43,// Z 58
	0x00,0x00,0x7F,0x41,0x41,0x00,// [ 59
	0x00,0x02,0x04,0x08,0x10,0x20,// \ 60
	0x00,0x00,0x41,0x41,0x7F,0x00,// ] 61
	0x00,0x04,0x02,0x01,0x02,0x04,// ^ 62
	0x00,0x40,0x40,0x40,0x40,0x40,// _ 63
	0x00,0x00,0x01,0x02,0x04,0x00,// ` 64
	0x00,0x20,0x54,0x54,0x54,0x78,// a 65
	0x00,0x7F,0x48,0x44,0x44,0x38,// b 66
	0x00,0x38,0x44,0x44,0x44,0x20,// c 67
	0x00,0x38,0x44,0x44,0x48,0x7F,// d 68
	0x00,0x38,0x54,0x54,0x54,0x18,// e 69
	0x00,0x08,0x7E,0x09,0x01,0x02,// f 70
	0x00,0x18,0xA4,0xA4,0xA4,0x7C,// g 71
	0x00,0x7F,0x08,0x04,0x04,0x78,// h 72
	0x00,0x00,0x44,0x7D,0x40,0x00,// i 73
	0x00,0x40,0x80,0x84,0x7D,0x00,// j 74
	0x00,0x7F,0x10,0x28,0x44,0x00,// k 75
	0x00,0x00,0x41,0x7F,0x40,0x00,// l 76
	0x00,0x7C,0x04,0x18,0x04,0x78,// m 77
	0x00,0x7C,0x08,0x04,0x04,0x78,// n 78
	0x00,0x38,0x44,0x44,0x44,0x38,// o 79
	0x00,0xFC,0x24,0x24,0x24,0x18,// p 80
	0x00,0x18,0x24,0x24,0x18,0xFC,// q 81
	0x00,0x7C,0x08,0x04,0x04,0x08,// r 82
	0x00,0x48,0x54,0x54,0x54,0x20,// s 83
	0x00,0x04,0x3F,0x44,0x40,0x20,// t 84
	0x00,0x3C,0x40,0x40,0x20,0x7C,// u 85
	0x00,0x1C,0x20,0x40,0x20,0x1C,// v 86
	0x00,0x3C,0x40,0x30,0x40,0x3C,// w 87
	0x00,0x44,0x28,0x10,0x28,0x44,// x 88
	0x00,0x1C,0xA0,0xA0,0xA0,0x7C,// y 89
	0x00,0x44,0x64,0x54,0x4C,0x44,// z 90
	0x00,0x00,0x08,0x7F,0x41,0x00,// { 91
	0x00,0x00,0x00,0x7F,0x00,0x00,// | 92
	0x00,0x00,0x41,0x7F,0x08,0x00,// } 93
	0x00,0x08,0x04,0x08,0x10,0x08,// ~ 94
};
/*********************ASCII字模数据*/


/*汉字字模数据*********************/

/*相同的汉字只需要定义一次，汉字不分先后顺序*/
/*必须全部为汉字或者全角字符，不要加入任何半角字符*/

/*宽16像素，高16像素*/
const ChineseCell_t OLED_CF16x16[] = {
	
	"，",
	0x00,0x00,0x00,0x00,0x00,0x00,0x00,0x00,0x00,0x00,0x00,0x00,0x00,0x00,0x00,0x00,
	0x00,0x00,0x58,0x38,0x00,0x00,0x00,0x00,0x00,0x00,0x00,0x00,0x00,0x00,0x00,0x00,
	
	"。",
	0x00,0x00,0x00,0x00,0x00,0x00,0x00,0x00,0x00,0x00,0x00,0x00,0x00,0x00,0x00,0x00,
	0x00,0x00,0x18,0x24,0x24,0x18,0x00,0x00,0x00,0x00,0x00,0x00,0x00,0x00,0x00,0x00,
	
	"你",
	0x00,0x80,0x60,0xF8,0x07,0x40,0x20,0x18,0x0F,0x08,0xC8,0x08,0x08,0x28,0x18,0x00,
	0x01,0x00,0x00,0xFF,0x00,0x10,0x0C,0x03,0x40,0x80,0x7F,0x00,0x01,0x06,0x18,0x00,
	
	"好",
	0x10,0x10,0xF0,0x1F,0x10,0xF0,0x00,0x80,0x82,0x82,0xE2,0x92,0x8A,0x86,0x80,0x00,
	0x40,0x22,0x15,0x08,0x16,0x61,0x00,0x00,0x40,0x80,0x7F,0x00,0x00,0x00,0x00,0x00,
	
	"世",
	0x20,0x20,0x20,0xFE,0x20,0x20,0xFF,0x20,0x20,0x20,0xFF,0x20,0x20,0x20,0x20,0x00,
	0x00,0x00,0x00,0x7F,0x40,0x40,0x47,0x44,0x44,0x44,0x47,0x40,0x40,0x40,0x00,0x00,
	
	"界",
	0x00,0x00,0x00,0xFE,0x92,0x92,0x92,0xFE,0x92,0x92,0x92,0xFE,0x00,0x00,0x00,0x00,
	0x08,0x08,0x04,0x84,0x62,0x1E,0x01,0x00,0x01,0xFE,0x02,0x04,0x04,0x08,0x08,0x00,
	
	/*按照上面的格式，在这个位置加入新的汉字数据*/
	//...
	":",
	0x00,0x00,0x00,0xC0,0xC0,0x00,0x00,0x00,0x00,0x00,0x00,0x30,0x30,0x00,0x00,0x00,/*":",10*/
	0x00,0x00,0x00,0x00,0x00,0x00,0x00,0x00,0x00,0x00,0x00,0x00,0x00,0x00,0x00,0x00,
	
	"灰",
	0x08,0x08,0x08,0x88,0x78,0x0F,0x88,0x08,0xE8,0x08,0x08,0x08,0x08,0xC8,0x08,0x00,
	0x10,0x88,0x86,0x41,0x44,0x22,0x11,0x0C,0x03,0x0C,0x10,0x22,0x41,0x80,0x80,0x00,
	
	"度",
	0x00,0x00,0xFC,0x24,0x24,0x24,0xFC,0x25,0x26,0x24,0xFC,0x24,0x24,0x24,0x04,0x00,
	0x40,0x30,0x8F,0x80,0x84,0x4C,0x55,0x25,0x25,0x25,0x55,0x4C,0x80,0x80,0x80,0x00,

	"设",
	0x40,0x40,0x42,0xCC,0x00,0x40,0xA0,0x9E,0x82,0x82,0x82,0x9E,0xA0,0x20,0x20,0x00,
	0x00,0x00,0x00,0x3F,0x90,0x88,0x40,0x43,0x2C,0x10,0x28,0x46,0x41,0x80,0x80,0x00,

	"置",
	0x00,0x17,0x15,0xD5,0x55,0x57,0x55,0x7D,0x55,0x57,0x55,0xD5,0x15,0x17,0x00,0x00,
	0x40,0x40,0x40,0x7F,0x55,0x55,0x55,0x55,0x55,0x55,0x55,0x7F,0x40,0x40,0x40,0x00,
	
	"舵",
	0x80,0x80,0xFC,0x96,0xE5,0x84,0xFC,0x00,0x38,0xC8,0x09,0x0E,0x08,0xA8,0x18,0x00,
	0x80,0x60,0x1F,0x02,0x4C,0x80,0x7F,0x00,0x00,0x3F,0x44,0x42,0x41,0x40,0x78,0x00,

	"机",
	0x10,0x10,0xD0,0xFF,0x90,0x10,0x00,0xFE,0x02,0x02,0x02,0xFE,0x00,0x00,0x00,0x00,
	0x04,0x03,0x00,0xFF,0x00,0x83,0x60,0x1F,0x00,0x00,0x00,0x3F,0x40,0x40,0x78,0x00,
	
	"系",
	0x00,0x00,0x22,0x32,0x2A,0xA6,0xA2,0x62,0x21,0x11,0x09,0x81,0x01,0x00,0x00,0x00,
	0x00,0x42,0x22,0x13,0x0B,0x42,0x82,0x7E,0x02,0x02,0x0A,0x12,0x23,0x46,0x00,0x00,

	"统",
	0x20,0x30,0xAC,0x63,0x30,0x00,0x88,0xC8,0xA8,0x99,0x8E,0x88,0xA8,0xC8,0x88,0x00,
	0x22,0x67,0x22,0x12,0x12,0x80,0x40,0x30,0x0F,0x00,0x00,0x3F,0x40,0x40,0x71,0x00,
	
	"寻",
	0x40,0x40,0x42,0xCC,0x00,0x40,0xB0,0x0E,0x40,0xB0,0x0E,0x40,0xB0,0x0E,0x00,0x00,
	0x00,0x40,0x20,0x1F,0x20,0x40,0x41,0x4E,0x40,0x41,0x4E,0x40,0x41,0x4E,0x40,0x00,

	"线",
	0x20,0x30,0xAC,0x63,0x20,0x18,0x80,0x90,0x90,0xFF,0x90,0x49,0x4A,0x48,0x40,0x00,
	0x22,0x67,0x22,0x12,0x12,0x12,0x40,0x40,0x20,0x13,0x0C,0x14,0x22,0x41,0xF8,0x00,
	
	"巡",
	0x40,0x40,0x42,0xCC,0x00,0x40,0xB0,0x0E,0x40,0xB0,0x0E,0x40,0xB0,0x0E,0x00,0x00,
	0x00,0x40,0x20,0x1F,0x20,0x40,0x41,0x4E,0x40,0x41,0x4E,0x40,0x41,0x4E,0x40,0x00,
	
	"参",
	0x00,0x20,0x20,0xA8,0x6C,0x2A,0x39,0x28,0xA8,0x2A,0x6C,0xA8,0x20,0x20,0x00,0x00,
	0x02,0x82,0x81,0x90,0x92,0x4A,0x49,0x45,0x24,0x22,0x10,0x08,0x01,0x02,0x02,0x00,/*"参",0*/

	"数",
	0x90,0x52,0x34,0x10,0xFF,0x10,0x34,0x52,0x80,0x70,0x8F,0x08,0x08,0xF8,0x08,0x00,
	0x82,0x9A,0x56,0x63,0x22,0x52,0x8E,0x00,0x80,0x40,0x33,0x0C,0x33,0x40,0x80,0x00,/*"数",1*/

	"查",
	0x40,0x44,0x24,0xA4,0x94,0x8C,0x84,0xFF,0x84,0x8C,0x94,0xA4,0x24,0x44,0x40,0x00,
	0x40,0x40,0x40,0x5F,0x4A,0x4A,0x4A,0x4A,0x4A,0x4A,0x4A,0x5F,0x40,0x40,0x40,0x00,/*"查",2*/

	"看",
	0x20,0x22,0x2A,0x2A,0xAA,0x6A,0x3A,0x2E,0x29,0x29,0x29,0x29,0x29,0x20,0x20,0x00,
	0x08,0x04,0x02,0x01,0xFF,0x55,0x55,0x55,0x55,0x55,0x55,0xFF,0x00,0x00,0x00,0x00,/*"看",3*/

	"校",
	0x10,0x10,0xD0,0xFF,0x90,0x10,0x80,0x48,0x28,0x09,0x0E,0x08,0x28,0x48,0x88,0x00,
	0x04,0x03,0x00,0xFF,0x00,0x01,0x80,0x80,0x43,0x2C,0x10,0x2C,0x43,0x80,0x80,0x00,/*"校",4*/

	"准",
	0x00,0x02,0x0C,0xE0,0x40,0x20,0xF8,0x4F,0x48,0x49,0xFE,0x48,0x48,0x48,0x08,0x00,
	0x04,0x04,0x7F,0x00,0x00,0x00,0xFF,0x22,0x22,0x22,0x3F,0x22,0x22,0x22,0x20,0x00,/*"准",5*/

	"计",
	0x40,0x40,0x42,0xCC,0x00,0x40,0x40,0x40,0x40,0xFF,0x40,0x40,0x40,0x40,0x40,0x00,
	0x00,0x00,0x00,0x7F,0x20,0x10,0x00,0x00,0x00,0xFF,0x00,0x00,0x00,0x00,0x00,0x00,/*"计",6*/

	"算",
	0x08,0x04,0xF3,0x52,0x56,0x52,0x52,0x50,0x54,0x53,0x52,0x56,0xF2,0x02,0x02,0x00,
	0x10,0x10,0x97,0x55,0x3D,0x15,0x15,0x15,0x15,0x15,0xFD,0x15,0x17,0x10,0x10,0x00,/*"算",7*/

	"模",
	0x10,0x10,0xD0,0xFF,0x90,0x14,0xE4,0xAF,0xA4,0xA4,0xA4,0xAF,0xE4,0x04,0x00,0x00,
	0x04,0x03,0x00,0xFF,0x00,0x89,0x4B,0x2A,0x1A,0x0E,0x1A,0x2A,0x4B,0x88,0x80,0x00,/*"模",8*/

	"式",
	0x10,0x10,0x90,0x90,0x90,0x90,0x90,0x10,0x10,0xFF,0x10,0x10,0x11,0x16,0x10,0x00,
	0x00,0x20,0x60,0x20,0x3F,0x10,0x10,0x10,0x00,0x03,0x0C,0x10,0x20,0x40,0xF8,0x00,/*"式",9*/

	"退",
	0x40,0x40,0x42,0xCC,0x00,0x00,0xFF,0x49,0x49,0xC9,0x49,0x49,0x7F,0x80,0x00,0x00,
	0x00,0x40,0x20,0x1F,0x20,0x40,0x5F,0x48,0x44,0x40,0x41,0x42,0x45,0x58,0x40,0x00,/*"退",11*/

	"出",
	0x00,0x00,0x7C,0x40,0x40,0x40,0x40,0xFF,0x40,0x40,0x40,0x40,0xFC,0x00,0x00,0x00,
	0x00,0x7C,0x40,0x40,0x40,0x40,0x40,0x7F,0x40,0x40,0x40,0x40,0x40,0xFC,0x00,0x00,/*"出",12*/

	"后",
	0x00,0x00,0x00,0xFC,0x24,0x24,0x24,0x24,0x22,0x22,0x22,0x23,0x22,0x20,0x20,0x00,
	0x40,0x20,0x18,0x07,0x00,0xFE,0x42,0x42,0x42,0x42,0x42,0x42,0xFE,0x00,0x00,0x00,/*"后",13*/

	"会",
	0x40,0x40,0x20,0x20,0x50,0x48,0x44,0x43,0x44,0x48,0x50,0x20,0x20,0x40,0x40,0x00,
	0x00,0x02,0x42,0xE2,0x52,0x4A,0x46,0x42,0x42,0x42,0x52,0x62,0xC2,0x02,0x00,0x00,/*"会",14*/

	"储",
	0x80,0x60,0xF8,0x87,0x84,0x98,0x00,0x20,0x24,0xA4,0x7F,0x24,0x34,0x28,0x24,0x00,
	0x00,0x00,0xFF,0x00,0x00,0x7F,0x24,0x12,0x01,0xFF,0x49,0x49,0x49,0xFF,0x00,0x00,/*"储",15*/

	"存",
	0x04,0x04,0x84,0xE4,0x1C,0x07,0x24,0x24,0x24,0x24,0xA4,0x64,0x24,0x04,0x04,0x00,
	0x02,0x01,0x00,0xFF,0x00,0x02,0x02,0x42,0x82,0x7F,0x02,0x02,0x02,0x02,0x02,0x00,/*"存",16*/
	
	"正",
	0x00,0x02,0x02,0xC2,0x02,0x02,0x02,0xFE,0x82,0x82,0x82,0x82,0x82,0x02,0x00,0x00,
	0x40,0x40,0x40,0x7F,0x40,0x40,0x40,0x7F,0x40,0x40,0x40,0x40,0x40,0x40,0x40,0x00,/*"正",0*/
	
	"向",
	0x00,0xF8,0x08,0x08,0x0C,0xCA,0x49,0x48,0x48,0xC8,0x08,0x08,0x08,0xF8,0x00,0x00,
	0x00,0xFF,0x00,0x00,0x00,0x1F,0x08,0x08,0x08,0x1F,0x00,0x40,0x80,0x7F,0x00,0x00,/*"向",1*/
	
	"反",
	0x00,0x00,0xFC,0x24,0x24,0xE4,0x24,0x24,0x22,0x22,0x22,0xA3,0x62,0x00,0x00,0x00,
	0x40,0x30,0x8F,0x80,0x40,0x40,0x23,0x14,0x08,0x14,0x22,0x41,0x40,0x80,0x80,0x00,/*"反",0*/
	
	"中",
	0x00,0x00,0xF0,0x10,0x10,0x10,0x10,0xFF,0x10,0x10,0x10,0x10,0xF0,0x00,0x00,0x00,
	0x00,0x00,0x0F,0x04,0x04,0x04,0x04,0xFF,0x04,0x04,0x04,0x04,0x0F,0x00,0x00,0x00,/*"中",0*/
	
	"写",
	0x08,0x06,0x82,0x7A,0x22,0x22,0x22,0x22,0x22,0x22,0x22,0x22,0x22,0x0A,0x06,0x00,
	0x08,0x08,0x09,0x09,0x09,0x09,0x09,0x09,0x09,0x49,0x81,0x41,0x3F,0x00,0x00,0x00,/*"写",0*/

	"入",
	0x00,0x00,0x00,0x00,0x00,0x01,0xE2,0x1C,0xE0,0x00,0x00,0x00,0x00,0x00,0x00,0x00,
	0x80,0x40,0x20,0x10,0x0C,0x03,0x00,0x00,0x00,0x03,0x0C,0x30,0x40,0x80,0x80,0x00,/*"入",1*/

	"成",
	0x00,0x00,0xF8,0x88,0x88,0x88,0x88,0x08,0x08,0xFF,0x08,0x09,0x0A,0xC8,0x08,0x00,
	0x80,0x60,0x1F,0x00,0x10,0x20,0x1F,0x80,0x40,0x21,0x16,0x18,0x26,0x41,0xF8,0x00,/*"成",2*/

	"功",
	0x08,0x08,0x08,0xF8,0x08,0x08,0x08,0x10,0x10,0xFF,0x10,0x10,0x10,0xF0,0x00,0x00,
	0x10,0x30,0x10,0x1F,0x08,0x88,0x48,0x30,0x0E,0x01,0x40,0x80,0x40,0x3F,0x00,0x00,/*"功",3*/
	
	"失",
	0x00,0x40,0x30,0x1E,0x10,0x10,0x10,0xFF,0x10,0x10,0x10,0x10,0x10,0x00,0x00,0x00,
	0x81,0x81,0x41,0x21,0x11,0x0D,0x03,0x01,0x03,0x0D,0x11,0x21,0x41,0x81,0x81,0x00,/*"失",0*/

	"败",
	0x00,0xFE,0x02,0xFA,0x02,0xFE,0x40,0x20,0xD8,0x17,0x10,0x10,0xF0,0x10,0x10,0x00,
	0x80,0x47,0x30,0x0F,0x10,0x67,0x80,0x40,0x21,0x16,0x08,0x16,0x21,0x40,0x80,0x00,/*"败",1*/
	
	"实",
	0x10,0x0C,0x04,0x84,0x14,0x64,0x05,0x06,0xF4,0x04,0x04,0x04,0x04,0x14,0x0C,0x00,
	0x04,0x84,0x84,0x44,0x47,0x24,0x14,0x0C,0x07,0x0C,0x14,0x24,0x44,0x84,0x04,0x00,/*"实",0*/
	
	"际",
	0x00,0xFE,0x22,0x5A,0x86,0x00,0x20,0x22,0x22,0x22,0xE2,0x22,0x22,0x22,0x20,0x00,
	0x00,0xFF,0x04,0x08,0x07,0x10,0x0C,0x03,0x40,0x80,0x7F,0x00,0x01,0x06,0x18,0x00,/*"际",1*/
	
	"值",
	0x00,0x80,0x60,0xF8,0x07,0x04,0xE4,0xA4,0xA4,0xBF,0xA4,0xA4,0xE4,0x04,0x00,0x00,
	0x01,0x00,0x00,0xFF,0x40,0x40,0x7F,0x4A,0x4A,0x4A,0x4A,0x4A,0x7F,0x40,0x40,0x00,/*"值",2*/
	
	"正",
	0x00,0x02,0x02,0xC2,0x02,0x02,0x02,0xFE,0x82,0x82,0x82,0x82,0x82,0x02,0x00,0x00,
	0x40,0x40,0x40,0x7F,0x40,0x40,0x40,0x7F,0x40,0x40,0x40,0x40,0x40,0x40,0x40,0x00,/*"正",0*/
	
	"在",
	0x08,0x08,0x88,0xC8,0x38,0x0C,0x0B,0x08,0x08,0xE8,0x08,0x08,0x08,0x08,0x08,0x00,
	0x02,0x01,0x00,0xFF,0x40,0x41,0x41,0x41,0x41,0x7F,0x41,0x41,0x41,0x41,0x40,0x00,/*"在",1*/
	
	"最",
	0x40,0x40,0xC0,0x5F,0x55,0x55,0xD5,0x55,0x55,0x55,0x55,0x5F,0x40,0x40,0x40,0x00,
	0x20,0x60,0x3F,0x25,0x15,0x15,0xFF,0x90,0x47,0x29,0x11,0x2D,0x43,0x80,0x80,0x00,/*"最",2*/
	
	"大",
	0x20,0x20,0x20,0x20,0x20,0x20,0x20,0xFF,0x20,0x20,0x20,0x20,0x20,0x20,0x20,0x00,
	0x80,0x80,0x40,0x20,0x10,0x0C,0x03,0x00,0x03,0x0C,0x10,0x20,0x40,0x80,0x80,0x00,/*"大",3*/
	
	"小",
	0x00,0x00,0x00,0xE0,0x00,0x00,0x00,0xFF,0x00,0x00,0x00,0x20,0x40,0x80,0x00,0x00,
	0x08,0x04,0x03,0x00,0x00,0x40,0x80,0x7F,0x00,0x00,0x00,0x00,0x00,0x01,0x0E,0x00,/*"小",4*/
	
	"当",
	0x00,0x40,0x42,0x44,0x58,0x40,0x40,0x7F,0x40,0x40,0x50,0x48,0xC6,0x00,0x00,0x00,
	0x00,0x40,0x44,0x44,0x44,0x44,0x44,0x44,0x44,0x44,0x44,0x44,0xFF,0x00,0x00,0x00,/*"当",0*/
	
	"前",
	0x08,0x08,0xE8,0x29,0x2E,0x28,0xE8,0x08,0x08,0xC8,0x0C,0x0B,0xE8,0x08,0x08,0x00,
	0x00,0x00,0xFF,0x09,0x49,0x89,0x7F,0x00,0x00,0x0F,0x40,0x80,0x7F,0x00,0x00,0x00,/*"前",1*/
	
	"完",
	0x10,0x0C,0x04,0x24,0x24,0x24,0x25,0x26,0x24,0x24,0x24,0x24,0x04,0x14,0x0C,0x00,
	0x00,0x81,0x81,0x41,0x31,0x0F,0x01,0x01,0x01,0x7F,0x81,0x81,0x81,0xF1,0x00,0x00,/*"完",0*/
	
	"成",
	0x00,0x00,0xF8,0x88,0x88,0x88,0x88,0x08,0x08,0xFF,0x08,0x09,0x0A,0xC8,0x08,0x00,
	0x80,0x60,0x1F,0x00,0x10,0x20,0x1F,0x80,0x40,0x21,0x16,0x18,0x26,0x41,0xF8,0x00,/*"成",1*/
	
	"极",
	0x10,0x10,0xD0,0xFF,0x90,0x10,0x02,0x02,0xFE,0x02,0x02,0x62,0x5A,0xC6,0x00,0x00,
	0x04,0x03,0x00,0xFF,0x00,0x43,0x30,0x8F,0x80,0x43,0x2C,0x10,0x2C,0x43,0x80,0x00,/*"极",2*/
	
	"限",
	0x00,0xFE,0x22,0x5A,0x86,0x00,0xFE,0x92,0x92,0x92,0x92,0x92,0xFE,0x00,0x00,0x00,
	0x00,0xFF,0x04,0x08,0x07,0x00,0xFF,0x40,0x20,0x03,0x0C,0x14,0x22,0x41,0x40,0x00,/*"限",3*/
	
	"值",
	0x00,0x80,0x60,0xF8,0x07,0x04,0xE4,0xA4,0xA4,0xBF,0xA4,0xA4,0xE4,0x04,0x00,0x00,
	0x01,0x00,0x00,0xFF,0x40,0x40,0x7F,0x4A,0x4A,0x4A,0x4A,0x4A,0x7F,0x40,0x40,0x00,/*"值",4*/
	
	"直",
	0x00,0x04,0x04,0xF4,0x94,0x94,0x94,0x9F,0x94,0x94,0x94,0xF4,0x04,0x04,0x00,0x00,
	0x40,0x40,0x40,0x7F,0x4A,0x4A,0x4A,0x4A,0x4A,0x4A,0x4A,0x7F,0x40,0x40,0x40,0x00,/*"直",0*/

	"接",
	0x10,0x10,0x10,0xFF,0x10,0x50,0x44,0x54,0x65,0xC6,0x44,0x64,0x54,0x44,0x40,0x00,
	0x04,0x44,0x82,0x7F,0x01,0x82,0x82,0x4A,0x56,0x23,0x22,0x52,0x4E,0x82,0x02,0x00,/*"接",1*/

	"控",
	0x10,0x10,0x10,0xFF,0x90,0x20,0x98,0x48,0x28,0x09,0x0E,0x28,0x48,0xA8,0x18,0x00,
	0x02,0x42,0x81,0x7F,0x00,0x40,0x40,0x42,0x42,0x42,0x7E,0x42,0x42,0x42,0x40,0x00,/*"控",2*/

	"制",
	0x40,0x50,0x4E,0x48,0x48,0xFF,0x48,0x48,0x48,0x40,0xF8,0x00,0x00,0xFF,0x00,0x00,
	0x00,0x00,0x3E,0x02,0x02,0xFF,0x12,0x22,0x1E,0x00,0x0F,0x40,0x80,0x7F,0x00,0x00,/*"制",3*/

	"初",
	0x08,0x08,0x89,0xEA,0x18,0x88,0x00,0x04,0x04,0xFC,0x04,0x04,0x04,0xFC,0x00,0x00,
	0x02,0x01,0x00,0xFF,0x01,0x86,0x40,0x20,0x18,0x07,0x40,0x80,0x40,0x3F,0x00,0x00,/*"初",4*/
	
	"始",
	0x10,0x10,0xF0,0x1F,0x10,0xF0,0x00,0x40,0xE0,0x58,0x47,0x40,0x50,0x60,0xC0,0x00,
	0x40,0x22,0x15,0x08,0x16,0x21,0x00,0x00,0xFE,0x42,0x42,0x42,0x42,0xFE,0x00,0x00,/*"始",5*/
	
	"编",
	0x20,0x30,0xAC,0x63,0x30,0x00,0xFC,0x24,0x25,0x26,0x24,0x24,0x24,0x3C,0x00,0x00,
	0x22,0x67,0x22,0x12,0x52,0x38,0x07,0xFF,0x09,0x7F,0x09,0x3F,0x89,0xFF,0x00,0x00,/*"编",6*/
	
	"号",
	0x80,0x80,0x80,0xBE,0xA2,0xA2,0xA2,0xA2,0xA2,0xA2,0xA2,0xBE,0x80,0x80,0x80,0x00,
	0x00,0x00,0x00,0x06,0x05,0x04,0x04,0x04,0x44,0x84,0x44,0x3C,0x00,0x00,0x00,0x00,/*"号",7*/
	
	"角",
	0x20,0x10,0xE8,0x24,0x27,0x24,0x24,0xE4,0x24,0x34,0x2C,0x20,0xE0,0x00,0x00,0x00,
	0x80,0x60,0x1F,0x09,0x09,0x09,0x09,0x7F,0x09,0x09,0x49,0x89,0x7F,0x00,0x00,0x00,/*"角",8*/
	
	"方",
	0x08,0x08,0x08,0x08,0x08,0xF8,0x89,0x8E,0x88,0x88,0x88,0x88,0x08,0x08,0x08,0x00,
	0x00,0x80,0x40,0x20,0x18,0x07,0x00,0x00,0x40,0x80,0x40,0x3F,0x00,0x00,0x00,0x00,/*"方",9*/
	
	"向",
	0x00,0xF8,0x08,0x08,0x0C,0xCA,0x49,0x48,0x48,0xC8,0x08,0x08,0x08,0xF8,0x00,0x00,
	0x00,0xFF,0x00,0x00,0x00,0x1F,0x08,0x08,0x08,0x1F,0x00,0x40,0x80,0x7F,0x00,0x00,/*"向",10*/
	
	"→",
	0x80,0x80,0x80,0x80,0x80,0x80,0x80,0x80,0x90,0xA0,0xE0,0xC0,0xC0,0x80,0x80,0x00,
	0x00,0x00,0x00,0x00,0x00,0x00,0x00,0x00,0x04,0x02,0x03,0x01,0x01,0x00,0x00,0x00,/*"→",0*/
	
	"是",
	0x00,0x00,0x00,0x7F,0x49,0x49,0x49,0x49,0x49,0x49,0x49,0x7F,0x00,0x00,0x00,0x00,
	0x81,0x41,0x21,0x1D,0x21,0x41,0x81,0xFF,0x89,0x89,0x89,0x89,0x89,0x81,0x81,0x00,/*"是",0*/

	"否",
	0x00,0x02,0x82,0x82,0x42,0x22,0x12,0xFA,0x06,0x22,0x22,0x42,0x42,0x82,0x00,0x00,
	0x01,0x01,0x00,0xFC,0x44,0x44,0x44,0x45,0x44,0x44,0x44,0xFC,0x00,0x00,0x01,0x00,/*"否",1*/
	
	"状",
	0x00,0x08,0x30,0x00,0xFF,0x20,0x20,0x20,0x20,0xFF,0x20,0x20,0x22,0x2C,0x20,0x00,
	0x04,0x04,0x02,0x01,0xFF,0x80,0x40,0x30,0x0E,0x01,0x06,0x18,0x20,0x40,0x80,0x00,/*"状",0*/

	"态",
	0x00,0x04,0x84,0x84,0x44,0x24,0x54,0x8F,0x14,0x24,0x44,0x84,0x84,0x04,0x00,0x00,
	0x41,0x39,0x00,0x00,0x3C,0x40,0x40,0x42,0x4C,0x40,0x40,0x70,0x04,0x09,0x31,0x00,/*"态",1*/

	"使",
	0x80,0x60,0xF8,0x07,0x04,0xE4,0x24,0x24,0x24,0xFF,0x24,0x24,0x24,0xE4,0x04,0x00,
	0x00,0x00,0xFF,0x00,0x80,0x81,0x45,0x29,0x11,0x2F,0x41,0x41,0x81,0x81,0x80,0x00,/*"使",2*/

	"能",
	0x08,0xCC,0x4A,0x49,0x48,0x4A,0xCC,0x18,0x00,0x7F,0x88,0x88,0x84,0x82,0xE0,0x00,
	0x00,0xFF,0x12,0x12,0x52,0x92,0x7F,0x00,0x00,0x7E,0x88,0x88,0x84,0x82,0xE0,0x00,/*"能",3*/

	"触",
	0x10,0xEC,0x27,0xF4,0x2C,0xE0,0x00,0xF8,0x08,0x08,0xFF,0x08,0x08,0xF8,0x00,0x00,
	0x80,0x7F,0x09,0x3F,0x89,0xFF,0x20,0x63,0x21,0x21,0x3F,0x21,0x29,0x33,0x60,0x00,/*"触",0*/

	"发",
	0x00,0x00,0x18,0x16,0x10,0xD0,0xB8,0x97,0x90,0x90,0x90,0x92,0x94,0x10,0x00,0x00,
	0x00,0x20,0x10,0x8C,0x83,0x80,0x41,0x46,0x28,0x10,0x28,0x44,0x43,0x80,0x80,0x00,/*"发",1*/

	"阈",
	0x00,0xF8,0x01,0x22,0xA0,0xA2,0xA2,0x22,0xFE,0x22,0xAA,0x32,0x02,0xFE,0x00,0x00,
	0x00,0xFF,0x00,0x10,0x13,0x0A,0x4B,0x20,0x17,0x0C,0x13,0x38,0x80,0xFF,0x00,0x00,/*"阈",2*/

	"速",
	0x40,0x40,0x42,0xCC,0x00,0x04,0xF4,0x94,0x94,0xFF,0x94,0x94,0xF4,0x04,0x00,0x00,
	0x00,0x40,0x20,0x1F,0x20,0x48,0x44,0x42,0x41,0x5F,0x41,0x42,0x44,0x48,0x40,0x00,/*"速",0*/

	"任",
	0x00,0x80,0x60,0xF8,0x87,0x80,0x84,0x84,0x84,0xFE,0x82,0x83,0x82,0x80,0x80,0x00,
	0x01,0x00,0x00,0xFF,0x00,0x40,0x40,0x40,0x40,0x7F,0x40,0x40,0x40,0x40,0x00,0x00,/*"任",0*/

	"务",
	0x00,0x00,0x90,0x88,0x4C,0x57,0xA4,0x24,0x54,0x54,0x8C,0x84,0x00,0x00,0x00,0x00,
	0x01,0x01,0x80,0x42,0x22,0x1A,0x07,0x02,0x42,0x82,0x42,0x3E,0x01,0x01,0x01,0x00,/*"务",1*/

	"运",
	0x40,0x40,0x42,0xCC,0x00,0x20,0x22,0x22,0xA2,0x62,0x22,0x22,0x22,0x20,0x00,0x00,
	0x00,0x40,0x20,0x1F,0x20,0x44,0x4E,0x45,0x44,0x44,0x44,0x45,0x46,0x4C,0x40,0x00,/*"运",2*/

	"行",
	0x00,0x10,0x88,0xC4,0x33,0x00,0x40,0x42,0x42,0x42,0xC2,0x42,0x42,0x42,0x40,0x00,
	0x02,0x01,0x00,0xFF,0x00,0x00,0x00,0x00,0x40,0x80,0x7F,0x00,0x00,0x00,0x00,0x00,/*"行",3*/

	"指",
	0x10,0x10,0x10,0xFF,0x10,0x90,0x00,0x3F,0x48,0x48,0x44,0x44,0x44,0x42,0x70,0x00,
	0x04,0x44,0x82,0x7F,0x01,0x00,0x00,0xFF,0x49,0x49,0x49,0x49,0x49,0xFF,0x00,0x00,/*"指",4*/

	"示",
	0x40,0x40,0x42,0x42,0x42,0x42,0x42,0xC2,0x42,0x42,0x42,0x42,0x42,0x40,0x40,0x00,
	0x20,0x10,0x08,0x06,0x00,0x40,0x80,0x7F,0x00,0x00,0x00,0x02,0x04,0x08,0x30,0x00,/*"示",5*/

	"灯",
	0x80,0x70,0x00,0xFF,0x20,0x10,0x04,0x04,0x04,0x04,0xFC,0x04,0x04,0x04,0x04,0x00,
	0x80,0x60,0x18,0x07,0x08,0x30,0x00,0x00,0x40,0x80,0x7F,0x00,0x00,0x00,0x00,0x00,/*"灯",6*/

	"按",
	0x10,0x10,0x10,0xFF,0x90,0x20,0x98,0x88,0x88,0xE9,0x8E,0x88,0x88,0xA8,0x98,0x00,
	0x02,0x42,0x81,0x7F,0x00,0x00,0x80,0x84,0x4B,0x28,0x10,0x28,0x47,0x80,0x00,0x00,/*"按",7*/

	"键",
	0x40,0x30,0xEF,0x24,0x24,0x80,0xE4,0x9C,0x10,0x54,0x54,0xFF,0x54,0x7C,0x10,0x00,
	0x01,0x01,0x7F,0x21,0x51,0x26,0x18,0x27,0x44,0x45,0x45,0x5F,0x45,0x45,0x44,0x00,/*"键",8*/

	"扫",
	0x10,0x10,0x10,0xFF,0x10,0x90,0x04,0x84,0x84,0x84,0x84,0x84,0x84,0xFC,0x00,0x00,
	0x04,0x44,0x82,0x7F,0x01,0x00,0x20,0x20,0x20,0x20,0x20,0x20,0x20,0x7F,0x00,0x00,/*"扫",9*/

	"描",
	0x10,0x10,0x10,0xFF,0x10,0x90,0x04,0xC4,0x5F,0x44,0xC4,0x44,0x5F,0xC4,0x04,0x00,
	0x04,0x44,0x82,0x7F,0x01,0x00,0x00,0xFF,0x44,0x44,0x7F,0x44,0x44,0xFF,0x00,0x00,/*"描",10*/

	"与",
	0x00,0x00,0xE0,0x9F,0x88,0x88,0x88,0x88,0x88,0x88,0x88,0x88,0x88,0x08,0x00,0x00,
	0x08,0x08,0x08,0x08,0x08,0x08,0x08,0x08,0x08,0x48,0x80,0x40,0x3F,0x00,0x00,0x00,/*"与",11*/

	"显",
	0x00,0x00,0x00,0xFE,0x92,0x92,0x92,0x92,0x92,0x92,0x92,0xFE,0x00,0x00,0x00,0x00,
	0x40,0x42,0x44,0x58,0x40,0x7F,0x40,0x40,0x40,0x7F,0x40,0x50,0x48,0x46,0x40,0x00,/*"显",12*/

	"串",
	0x00,0x00,0x3C,0x24,0x24,0x24,0x24,0xFF,0x24,0x24,0x24,0x24,0x3C,0x00,0x00,0x00,
	0x00,0x1F,0x09,0x09,0x09,0x09,0x09,0xFF,0x09,0x09,0x09,0x09,0x09,0x1F,0x00,0x00,/*"串",13*/

	"口",
	0x00,0x00,0xFC,0x04,0x04,0x04,0x04,0x04,0x04,0x04,0x04,0x04,0xFC,0x00,0x00,0x00,
	0x00,0x00,0x7F,0x20,0x20,0x20,0x20,0x20,0x20,0x20,0x20,0x20,0x7F,0x00,0x00,0x00,/*"口",14*/

	"调",
	0x40,0x42,0xCC,0x00,0x00,0xFE,0x82,0x92,0x92,0xFE,0x92,0x92,0x82,0xFE,0x00,0x00,
	0x00,0x00,0x3F,0x10,0x88,0x7F,0x00,0x1E,0x12,0x12,0x12,0x5E,0x80,0x7F,0x00,0x00,/*"调",15*/

	"试",
	0x40,0x40,0x42,0xCC,0x00,0x90,0x90,0x90,0x90,0x90,0xFF,0x10,0x11,0x16,0x10,0x00,
	0x00,0x00,0x00,0x3F,0x10,0x28,0x60,0x3F,0x10,0x10,0x01,0x0E,0x30,0x40,0xF0,0x00,/*"试",16*/

	"低",
	0x00,0x80,0x60,0xF8,0x07,0x00,0xFC,0x84,0x84,0x84,0xFE,0x82,0x83,0x82,0x80,0x00,
	0x01,0x00,0x00,0xFF,0x00,0x00,0xFF,0x40,0x20,0x00,0x41,0x8E,0x30,0x40,0xF8,0x00,/*"低",17*/

	"高",
	0x04,0x04,0x04,0x04,0xF4,0x94,0x95,0x96,0x94,0x94,0xF4,0x04,0x04,0x04,0x04,0x00,
	0x00,0xFE,0x02,0x02,0x7A,0x4A,0x4A,0x4A,0x4A,0x4A,0x7A,0x02,0x82,0xFE,0x00,0x00,/*"高",18*/
	
	"电",
	0x00,0x00,0xF8,0x88,0x88,0x88,0x88,0xFF,0x88,0x88,0x88,0x88,0xF8,0x00,0x00,0x00,
	0x00,0x00,0x1F,0x08,0x08,0x08,0x08,0x7F,0x88,0x88,0x88,0x88,0x9F,0x80,0xF0,0x00,

	"红",
	0x20,0x30,0xAC,0x63,0x20,0x18,0x00,0x04,0x04,0x04,0xFC,0x04,0x04,0x04,0x00,0x00,
	0x22,0x67,0x22,0x12,0x12,0x12,0x40,0x40,0x40,0x40,0x7F,0x40,0x40,0x40,0x40,0x00,

	"外",
	0x00,0xC0,0x30,0x1F,0x10,0x10,0xF0,0x00,0x00,0xFF,0x20,0x40,0x80,0x00,0x00,0x00,
	0x81,0x40,0x21,0x12,0x0C,0x03,0x00,0x00,0x00,0xFF,0x00,0x00,0x00,0x03,0x00,0x00,

	"激",
	0x20,0xC2,0x0C,0x80,0x7C,0xD6,0x55,0x54,0x7C,0x40,0x30,0xDF,0x10,0xF0,0x10,0x00,
	0x04,0x04,0x7E,0x81,0x62,0x1E,0x4B,0x8A,0x7A,0x02,0x80,0x67,0x18,0x67,0x80,0x00,

	"声",
	0x04,0x14,0xD4,0x54,0x54,0x54,0x54,0xDF,0x54,0x54,0x54,0x54,0xD4,0x14,0x04,0x00,
	0x80,0x60,0x1F,0x02,0x02,0x02,0x02,0x03,0x02,0x02,0x02,0x02,0x03,0x00,0x00,0x00,

	"波",
	0x10,0x60,0x02,0x0C,0xC0,0x00,0xF8,0x88,0x88,0x88,0xFF,0x88,0x88,0xA8,0x18,0x00,
	0x04,0x04,0x7C,0x03,0x80,0x60,0x1F,0x80,0x43,0x2C,0x10,0x28,0x46,0x81,0x80,0x00,

	"距",
	0x00,0x3E,0x22,0xE2,0x22,0x3E,0x00,0xFE,0x22,0x22,0x22,0x22,0x22,0xE2,0x02,0x00,
	0x20,0x3F,0x20,0x1F,0x11,0x11,0x00,0x7F,0x44,0x44,0x44,0x44,0x44,0x47,0x40,0x00,

	"离",
	0x04,0x04,0x04,0xF4,0x84,0xD4,0xA5,0xA6,0xA4,0xD4,0x84,0xF4,0x04,0x04,0x04,0x00,
	0x00,0xFE,0x02,0x02,0x12,0x3A,0x16,0x13,0x12,0x1A,0x32,0x42,0x82,0x7E,0x00,0x00,

	"障",
	0x00,0xFE,0x02,0x22,0xDA,0x06,0x10,0xD2,0x56,0x5A,0x53,0x5A,0x56,0xD2,0x10,0x00,
	0x00,0xFF,0x08,0x10,0x08,0x07,0x18,0x12,0x12,0x12,0xFF,0x12,0x12,0x12,0x10,0x00,

	"碍",
	0x04,0x84,0xE4,0x5C,0x44,0xC4,0x00,0xBE,0xAA,0xAA,0xAA,0xAA,0xBE,0x80,0x00,0x00,
	0x02,0x01,0x7F,0x10,0x10,0x3F,0x02,0x0A,0x12,0x42,0x82,0x7F,0x02,0x02,0x02,0x00,

	"物",
	0x40,0x3C,0x10,0xFF,0x10,0x10,0x20,0x10,0x8F,0x78,0x08,0xF8,0x08,0xF8,0x00,0x00,
	0x02,0x06,0x02,0xFF,0x01,0x01,0x04,0x42,0x21,0x18,0x46,0x81,0x40,0x3F,0x00,0x00,

	"反",
	0x00,0x00,0xFC,0x24,0x24,0xE4,0x24,0x24,0x22,0x22,0x22,0xA3,0x62,0x00,0x00,0x00,
	0x40,0x30,0x8F,0x80,0x40,0x40,0x23,0x14,0x08,0x14,0x22,0x41,0x40,0x80,0x80,0x00,

	"射",
	0x00,0x00,0xFC,0x56,0x55,0x54,0xFC,0x00,0x10,0x10,0x10,0x10,0xFF,0x10,0x10,0x00,
	0x02,0x42,0x23,0x12,0x4A,0x86,0x7F,0x00,0x00,0x01,0x46,0x80,0x7F,0x00,0x00,0x00,

	"透",
	0x40,0x40,0x42,0xCC,0x00,0x48,0xAA,0x9A,0x8A,0xFE,0x89,0x99,0x29,0x48,0x40,0x00,
	0x00,0x40,0x20,0x1F,0x20,0x50,0x48,0x47,0x40,0x40,0x42,0x4B,0x52,0x4E,0x40,0x00,

	"阈",
	0x00,0xF8,0x01,0x22,0xA0,0xA2,0xA2,0x22,0xFE,0x22,0xAA,0x32,0x02,0xFE,0x00,0x00,
	0x00,0xFF,0x00,0x10,0x13,0x0A,0x4B,0x20,0x17,0x0C,0x13,0x38,0x80,0xFF,0x00,0x00,

	"采",
	0x00,0x00,0x04,0x14,0x64,0x04,0x0C,0xB4,0x02,0x02,0x42,0x33,0x02,0x00,0x00,0x00,
	0x40,0x41,0x21,0x11,0x09,0x05,0x03,0xFF,0x03,0x05,0x09,0x11,0x21,0x41,0x40,0x00,

	"集",
	0x20,0x10,0x08,0xFC,0x57,0x54,0x54,0x55,0xFE,0x54,0x54,0x54,0x54,0x04,0x00,0x00,
	0x44,0x44,0x24,0x27,0x15,0x0D,0x05,0xFF,0x05,0x0D,0x15,0x25,0x25,0x45,0x44,0x00,

	"读",
	0x40,0x40,0x42,0xCC,0x00,0x00,0x20,0x24,0xA4,0x24,0x3F,0xA4,0x24,0xA4,0x60,0x00,
	0x00,0x00,0x00,0x7F,0x20,0x10,0x88,0x8A,0x4C,0x29,0x18,0x0F,0x18,0x28,0xC8,0x00,

	"取",
	0x02,0x02,0xFE,0x92,0x92,0x92,0xFE,0x02,0x06,0xFC,0x04,0x04,0x04,0xFC,0x00,0x00,
	0x08,0x18,0x0F,0x08,0x08,0x04,0xFF,0x04,0x84,0x40,0x27,0x18,0x27,0x40,0x80,0x00,

	"校",
	0x10,0x10,0xD0,0xFF,0x90,0x10,0x80,0x48,0x28,0x09,0x0E,0x08,0x28,0x48,0x88,0x00,
	0x04,0x03,0x00,0xFF,0x00,0x01,0x80,0x80,0x43,0x2C,0x10,0x2C,0x43,0x80,0x80,0x00,

	"准",
	0x00,0x02,0x0C,0xE0,0x40,0x20,0xF8,0x4F,0x48,0x49,0xFE,0x48,0x48,0x48,0x08,0x00,
	0x04,0x04,0x7F,0x00,0x00,0x00,0xFF,0x22,0x22,0x22,0x3F,0x22,0x22,0x22,0x20,0x00,

	"补",
	0x00,0x08,0x08,0x89,0xCA,0x28,0x98,0x00,0x00,0xFF,0x20,0x40,0x80,0x00,0x00,0x00,
	0x00,0x02,0x01,0x00,0xFF,0x01,0x06,0x00,0x00,0xFF,0x00,0x00,0x00,0x03,0x00,0x00,

	"偿",
	0x00,0x80,0x60,0xF8,0x47,0x30,0x12,0x94,0x90,0x9F,0x90,0x94,0x12,0x50,0x30,0x00,
	0x01,0x00,0x00,0xFF,0x00,0x44,0xE4,0x54,0x4C,0x44,0x44,0x54,0x64,0xC4,0x00,0x00,

	"滑",
	0x10,0x60,0x02,0x8C,0x60,0x20,0xBE,0xAA,0xAA,0xBA,0xA2,0xA2,0xBE,0x20,0x60,0x00,
	0x04,0x04,0x7E,0x01,0x00,0x00,0xFF,0x0A,0x0A,0x0A,0x4A,0x8A,0x7F,0x00,0x00,0x00,

	"动",
	0x40,0x44,0xC4,0x44,0x44,0x44,0x40,0x10,0x10,0xFF,0x10,0x10,0x10,0xF0,0x00,0x00,
	0x10,0x3C,0x13,0x10,0x14,0xB8,0x40,0x30,0x0E,0x01,0x40,0x80,0x40,0x3F,0x00,0x00,

	"均",
	0x20,0x20,0x20,0xFF,0x20,0x20,0x20,0x10,0x4C,0x8B,0x08,0x08,0x08,0xF8,0x00,0x00,
	0x10,0x30,0x10,0x0F,0x08,0x08,0x00,0x10,0x10,0x09,0x44,0x82,0x40,0x3F,0x00,0x00,

	"极",
	0x10,0x10,0xD0,0xFF,0x90,0x10,0x02,0x02,0xFE,0x02,0x02,0x62,0x5A,0xC6,0x00,0x00,
	0x04,0x03,0x00,0xFF,0x00,0x43,0x30,0x8F,0x80,0x43,0x2C,0x10,0x2C,0x43,0x80,0x00,

	"差",
	0x00,0x04,0x24,0x24,0x25,0x26,0xE4,0x3C,0x24,0x26,0x25,0x24,0x24,0x04,0x00,0x00,
	0x41,0x21,0x11,0x89,0x85,0x8B,0x89,0x89,0xF9,0x89,0x89,0x89,0x89,0x81,0x01,0x00,

	"误",
	0x40,0x42,0xCC,0x00,0x00,0x80,0x9E,0x92,0x92,0x92,0x92,0x92,0x9E,0x80,0x00,0x00,
	0x00,0x00,0x7F,0x20,0x94,0x84,0x44,0x24,0x14,0x0F,0x14,0x24,0x44,0x84,0x84,0x00,

	"差",
	0x00,0x04,0x24,0x24,0x25,0x26,0xE4,0x3C,0x24,0x26,0x25,0x24,0x24,0x04,0x00,0x00,
	0x41,0x21,0x11,0x89,0x85,0x8B,0x89,0x89,0xF9,0x89,0x89,0x89,0x89,0x81,0x01,0x00,

	"噪",
	0xFC,0x04,0x04,0xFC,0x00,0xE0,0x2F,0x29,0xE9,0x09,0xE9,0x29,0x2F,0xE0,0x00,0x00,
	0x0F,0x04,0x04,0x4F,0x44,0x25,0x15,0x0D,0x05,0xFE,0x0D,0x15,0x25,0x45,0x44,0x00,

	"声",
	0x04,0x14,0xD4,0x54,0x54,0x54,0x54,0xDF,0x54,0x54,0x54,0x54,0xD4,0x14,0x04,0x00,
	0x80,0x60,0x1F,0x02,0x02,0x02,0x02,0x03,0x02,0x02,0x02,0x02,0x03,0x00,0x00,0x00,

	"探",
	0x10,0x10,0xFF,0x10,0x90,0x0E,0x22,0x12,0x0A,0xC2,0x0A,0x12,0x22,0x0E,0x00,0x00,
	0x42,0x82,0x7F,0x01,0x20,0x21,0x11,0x09,0x05,0xFF,0x05,0x09,0x11,0x21,0x20,0x00,

	"头",
	0x00,0x00,0x10,0x60,0x04,0x18,0x00,0x00,0xFF,0x00,0x00,0x00,0x00,0x00,0x00,0x00,
	0x81,0x81,0x41,0x41,0x21,0x11,0x09,0x07,0x01,0x05,0x09,0x11,0x21,0xC1,0x01,0x00,

	"镜",
	0x40,0x30,0xEF,0x24,0x04,0x20,0xA4,0xAC,0xB5,0xA6,0xB4,0xAC,0xA4,0x20,0x20,0x00,
	0x01,0x01,0x7F,0x21,0x91,0x80,0x4F,0x3A,0x0A,0x0A,0x7A,0x8A,0x8F,0x80,0xE0,0x00,

	"发",
	0x00,0x00,0x18,0x16,0x10,0xD0,0xB8,0x97,0x90,0x90,0x90,0x92,0x94,0x10,0x00,0x00,
	0x00,0x20,0x10,0x8C,0x83,0x80,0x41,0x46,0x28,0x10,0x28,0x44,0x43,0x80,0x80,0x00,

	"射",
	0x00,0x00,0xFC,0x56,0x55,0x54,0xFC,0x00,0x10,0x10,0x10,0x10,0xFF,0x10,0x10,0x00,
	0x02,0x42,0x23,0x12,0x4A,0x86,0x7F,0x00,0x00,0x01,0x46,0x80,0x7F,0x00,0x00,0x00,

	"管",
	0x88,0x64,0x23,0xA2,0xA6,0xAA,0xA2,0xBA,0xA4,0xA3,0xA2,0x26,0x2A,0xA2,0x62,0x00,
	0x00,0x00,0x00,0xFF,0x4A,0x4A,0x4A,0x4A,0x4A,0x4A,0x4B,0xF8,0x00,0x00,0x00,0x00,

	"收",
	0x00,0xFC,0x00,0x00,0xFF,0x00,0x40,0x20,0xD8,0x17,0x10,0x10,0xF0,0x10,0x10,0x00,
	0x00,0x0F,0x04,0x02,0xFF,0x00,0x80,0x40,0x21,0x16,0x08,0x16,0x21,0x40,0x80,0x00,

	"模",
	0x10,0x10,0xD0,0xFF,0x90,0x14,0xE4,0xAF,0xA4,0xA4,0xA4,0xAF,0xE4,0x04,0x00,0x00,
	0x04,0x03,0x00,0xFF,0x00,0x89,0x4B,0x2A,0x1A,0x0E,0x1A,0x2A,0x4B,0x88,0x80,0x00,

	"拟",
	0x10,0x10,0x10,0xFF,0x90,0x00,0xF8,0x00,0x02,0x04,0x18,0x00,0xFF,0x00,0x00,0x00,
	0x02,0x42,0x81,0x7F,0x00,0x00,0x3F,0x10,0x88,0x40,0x30,0x0C,0x0B,0x30,0xC0,0x00,

	"数",
	0x90,0x52,0x34,0x10,0xFF,0x10,0x34,0x52,0x80,0x70,0x8F,0x08,0x08,0xF8,0x08,0x00,
	0x82,0x9A,0x56,0x63,0x22,0x52,0x8E,0x00,0x80,0x40,0x33,0x0C,0x33,0x40,0x80,0x00,

	"字",
	0x10,0x0C,0x04,0x24,0x24,0x24,0x25,0x26,0xA4,0x64,0x24,0x04,0x04,0x14,0x0C,0x00,
	0x02,0x02,0x02,0x02,0x02,0x42,0x82,0x7F,0x02,0x02,0x02,0x02,0x02,0x02,0x02,0x00,

	"通",
	0x40,0x42,0xCC,0x00,0x00,0xE2,0x22,0x2A,0x2A,0xF2,0x2A,0x26,0x22,0xE0,0x00,0x00,
	0x80,0x40,0x3F,0x40,0x80,0xFF,0x89,0x89,0x89,0xBF,0x89,0xA9,0xC9,0xBF,0x80,0x00,

	"道",
	0x40,0x40,0x42,0xCC,0x00,0x08,0xE9,0xAA,0xB8,0xA8,0xA8,0xAA,0xE9,0x08,0x00,0x00,
	0x00,0x40,0x20,0x1F,0x20,0x40,0x5F,0x4A,0x4A,0x4A,0x4A,0x4A,0x5F,0x40,0x40,0x00,

	"样",
	0x10,0x10,0xD0,0xFF,0x90,0x00,0x10,0x91,0x96,0x90,0xF0,0x90,0x94,0x93,0x10,0x00,
	0x04,0x03,0x00,0xFF,0x00,0x01,0x04,0x04,0x04,0x04,0xFF,0x04,0x04,0x04,0x04,0x00,

	"频",
	0x40,0x7C,0x40,0x7F,0x48,0x48,0x40,0xF2,0x12,0x1A,0xD6,0x12,0x12,0xF2,0x02,0x00,
	0x90,0x8E,0x40,0x4F,0x20,0x1E,0x80,0x4F,0x20,0x18,0x07,0x10,0x20,0x4F,0x80,0x00,

	"延",
	0x04,0x84,0xC4,0xB4,0x8C,0x00,0x00,0xE4,0x04,0x04,0xFE,0x42,0x43,0x42,0x00,0x00,
	0x80,0x44,0x28,0x18,0x27,0x20,0x40,0x4F,0x48,0x48,0x4F,0x48,0x48,0x48,0x40,0x00,

	"响",
	0x00,0xFC,0x04,0x04,0xFC,0x00,0xF8,0x08,0xCC,0x4B,0x48,0xC8,0x08,0xF8,0x00,0x00,
	0x00,0x0F,0x04,0x04,0x0F,0x00,0xFF,0x00,0x0F,0x08,0x08,0x4F,0x80,0x7F,0x00,0x00,

	"灵",
	0x00,0x00,0x82,0x92,0x92,0x92,0x92,0x92,0x92,0x92,0x92,0x92,0xFE,0x00,0x00,0x00,
	0x80,0x80,0x48,0x46,0x20,0x10,0x08,0x07,0x08,0x10,0x28,0x46,0x40,0x80,0x80,0x00,

	"敏",
	0x08,0xF7,0x14,0x54,0x94,0x14,0xF4,0x04,0x80,0x70,0x8F,0x08,0x08,0xF8,0x08,0x00,
	0x1D,0x13,0x11,0x55,0x99,0x51,0x3F,0x91,0x41,0x20,0x13,0x0C,0x33,0x40,0x80,0x00,

	"度",
	0x00,0x00,0xFC,0x24,0x24,0x24,0xFC,0x25,0x26,0x24,0xFC,0x24,0x24,0x24,0x04,0x00,
	0x40,0x30,0x8F,0x80,0x84,0x4C,0x55,0x25,0x25,0x25,0x55,0x4C,0x80,0x80,0x80,0x00,

	"分",
	0x80,0x40,0x20,0x90,0x88,0x86,0x80,0x80,0x80,0x83,0x8C,0x10,0x20,0x40,0x80,0x00,
	0x00,0x80,0x40,0x20,0x18,0x07,0x00,0x40,0x80,0x40,0x3F,0x00,0x00,0x00,0x00,0x00,

	"辨",
	0x80,0x88,0xA9,0xCE,0xA8,0x88,0xE0,0x00,0xFE,0x00,0x88,0xA9,0xCE,0xA8,0x88,0x00,
	0x00,0x84,0x64,0x1F,0x04,0x44,0x21,0x18,0x07,0x00,0x00,0x04,0xFF,0x04,0x00,0x00,

	"率",
	0x00,0x14,0xA4,0x44,0x24,0x34,0xAD,0x66,0x24,0x94,0x04,0x44,0xA4,0x14,0x00,0x00,
	0x08,0x09,0x08,0x08,0x09,0x09,0x09,0xFD,0x09,0x09,0x0B,0x08,0x08,0x09,0x08,0x00,

	"线",
	0x20,0x30,0xAC,0x63,0x20,0x18,0x80,0x90,0x90,0xFF,0x90,0x49,0x4A,0x48,0x40,0x00,
	0x22,0x67,0x22,0x12,0x12,0x12,0x40,0x40,0x20,0x13,0x0C,0x14,0x22,0x41,0xF8,0x00,

	"性",
	0x00,0xE0,0x00,0xFF,0x10,0x20,0x40,0x3C,0x10,0x10,0xFF,0x10,0x10,0x10,0x00,0x00,
	0x01,0x00,0x00,0xFF,0x00,0x00,0x40,0x42,0x42,0x42,0x7F,0x42,0x42,0x42,0x40,0x00,

	"非",
	0x08,0x88,0x88,0x88,0x88,0xFF,0x00,0x00,0x00,0xFF,0x88,0x88,0x88,0x88,0x08,0x00,
	0x10,0x10,0x10,0x10,0x10,0xFF,0x00,0x00,0x00,0xFF,0x10,0x10,0x10,0x10,0x10,0x00,

	"漂",
	0x20,0xC2,0x0C,0x80,0x02,0x7A,0x4A,0x4A,0x7E,0x4A,0x7E,0x4A,0x4A,0x7A,0x02,0x00,
	0x04,0x04,0x7E,0x01,0x44,0x25,0x15,0x45,0x85,0x7D,0x05,0x05,0x15,0x25,0x44,0x00,

	"移",
	0x24,0x24,0xA4,0xFE,0x23,0x22,0x00,0x10,0x08,0x94,0x67,0x24,0x94,0x0C,0x00,0x00,
	0x08,0x06,0x01,0xFF,0x01,0x06,0x00,0x89,0x89,0x44,0x4A,0x33,0x12,0x0A,0x06,0x00,

	"温",
	0x10,0x60,0x02,0x8C,0x00,0x00,0xFE,0x92,0x92,0x92,0x92,0x92,0xFE,0x00,0x00,0x00,
	0x04,0x04,0x7E,0x01,0x40,0x7E,0x42,0x42,0x7E,0x42,0x7E,0x42,0x42,0x7E,0x40,0x00,

	"敏",
	0x08,0xF7,0x14,0x54,0x94,0x14,0xF4,0x04,0x80,0x70,0x8F,0x08,0x08,0xF8,0x08,0x00,
	0x1D,0x13,0x11,0x55,0x99,0x51,0x3F,0x91,0x41,0x20,0x13,0x0C,0x33,0x40,0x80,0x00,

	"湿",
	0x10,0x60,0x02,0x8C,0x00,0xFE,0x92,0x92,0x92,0x92,0x92,0x92,0xFE,0x00,0x00,0x00,
	0x04,0x04,0x7E,0x01,0x44,0x48,0x50,0x7F,0x40,0x40,0x7F,0x50,0x48,0x44,0x40,0x00,

	"气",
	0x20,0x10,0x4C,0x47,0x54,0x54,0x54,0x54,0x54,0x54,0x54,0xD4,0x04,0x04,0x00,0x00,
	0x00,0x00,0x00,0x00,0x00,0x00,0x00,0x00,0x00,0x00,0x00,0x0F,0x30,0x40,0xF0,0x00,

	"体",
	0x00,0x80,0x60,0xF8,0x07,0x10,0x10,0x10,0xD0,0xFF,0xD0,0x10,0x10,0x10,0x00,0x00,
	0x01,0x00,0x00,0xFF,0x10,0x08,0x04,0x0B,0x08,0xFF,0x08,0x0B,0x04,0x08,0x10,0x00,

	"迹",
	0x40,0x40,0x42,0xCC,0x00,0x08,0xC8,0x08,0xF8,0x09,0x0E,0xF8,0x08,0x48,0x88,0x00,
	0x00,0x40,0x20,0x1F,0x20,0x51,0x48,0x46,0x41,0x48,0x50,0x4F,0x40,0x40,0x41,0x00,

	"黑",
	0x00,0x00,0x3E,0x22,0x2A,0x32,0x22,0xFE,0x22,0x32,0x2A,0x22,0x3E,0x00,0x00,0x00,
	0x88,0x68,0x09,0x09,0x29,0xC9,0x09,0x0F,0x29,0xC9,0x09,0x09,0x29,0xC8,0x08,0x00,

	"白",
	0x00,0x00,0xF8,0x08,0x08,0x0C,0x0A,0x09,0x08,0x08,0x08,0x08,0xF8,0x00,0x00,0x00,
	0x00,0x00,0xFF,0x41,0x41,0x41,0x41,0x41,0x41,0x41,0x41,0x41,0xFF,0x00,0x00,0x00,

	"底",
	0x00,0x00,0xFC,0x04,0x04,0xE4,0x24,0x25,0x26,0xE4,0x14,0x14,0x14,0x14,0x04,0x00,
	0x80,0x60,0x1F,0x00,0x00,0xFF,0x42,0x22,0x02,0x43,0x8E,0x12,0x22,0x42,0xF2,0x00,

	"边",
	0x40,0x40,0x42,0xCC,0x00,0x00,0x08,0x08,0x88,0x7F,0x08,0x08,0x08,0xF8,0x00,0x00,
	0x00,0x40,0x20,0x1F,0x20,0x50,0x48,0x46,0x41,0x40,0x48,0x50,0x48,0x47,0x40,0x00,

	"界",
	0x00,0x00,0x00,0xFE,0x92,0x92,0x92,0xFE,0x92,0x92,0x92,0xFE,0x00,0x00,0x00,0x00,
	0x08,0x08,0x04,0x84,0x62,0x1E,0x01,0x00,0x01,0xFE,0x02,0x04,0x04,0x08,0x08,0x00,

	"识",
	0x40,0x40,0x42,0xCC,0x00,0x00,0x00,0xFC,0x04,0x04,0x04,0x04,0x04,0xFC,0x00,0x00,
	0x00,0x00,0x00,0x3F,0x10,0x88,0x40,0x23,0x19,0x01,0x01,0x09,0x11,0x23,0xC0,0x00,

	"别",
	0x00,0x3E,0x22,0xE2,0x22,0x22,0x22,0x3E,0x00,0x00,0xF8,0x00,0x00,0xFF,0x00,0x00,
	0x81,0x41,0x31,0x0F,0x41,0x81,0x41,0x3F,0x00,0x00,0x0F,0x40,0x80,0x7F,0x00,0x00,

	"轨",
	0xC8,0xB8,0x8F,0xE8,0x88,0x88,0x10,0x10,0xFF,0x10,0x10,0xF0,0x00,0x00,0x00,0x00,
	0x08,0x18,0x08,0xFF,0x04,0x84,0x40,0x30,0x0F,0x00,0x00,0x3F,0x40,0x40,0x78,0x00,

	"道",
	0x40,0x40,0x42,0xCC,0x00,0x08,0xE9,0xAA,0xB8,0xA8,0xA8,0xAA,0xE9,0x08,0x00,0x00,
	0x00,0x40,0x20,0x1F,0x20,0x40,0x5F,0x4A,0x4A,0x4A,0x4A,0x4A,0x5F,0x40,0x40,0x00,

	"纠",
	0x20,0x30,0xAC,0x63,0x20,0x18,0x00,0x00,0xFC,0x00,0x00,0x00,0x00,0xFF,0x00,0x00,
	0x22,0x67,0x22,0x12,0x12,0x12,0x00,0x00,0x0F,0x04,0x02,0x02,0x01,0xFF,0x00,0x00,

	"偏",
	0x80,0x60,0xF8,0x07,0x00,0xFC,0x24,0x24,0x25,0x26,0x24,0x24,0x24,0x3C,0x00,0x00,
	0x00,0x00,0xFF,0x40,0x3C,0x03,0xFF,0x09,0x7F,0x09,0x7F,0x09,0x89,0xFF,0x00,0x00,

	"跟",
	0x00,0x3E,0x22,0xE2,0x22,0x3E,0x00,0xFE,0x92,0x92,0x92,0x92,0xFE,0x00,0x00,0x00,
	0x20,0x3F,0x20,0x1F,0x11,0x11,0x00,0xFF,0x40,0x23,0x0C,0x14,0x22,0x41,0x40,0x00,

	"踪",
	0x00,0x3E,0x22,0xE2,0x3E,0x10,0x0C,0x24,0x24,0x25,0x26,0x24,0x24,0x14,0x0C,0x00,
	0x20,0x3F,0x20,0x1F,0x12,0x22,0x11,0x0D,0x41,0x81,0x7F,0x01,0x05,0x09,0x31,0x00,

	"测",
	0x10,0x60,0x02,0x8C,0x00,0xFE,0x02,0xF2,0x02,0xFE,0x00,0xF8,0x00,0xFF,0x00,0x00,
	0x04,0x04,0x7E,0x01,0x80,0x47,0x30,0x0F,0x10,0x27,0x00,0x47,0x80,0x7F,0x00,0x00,

	"触",
	0x10,0xEC,0x27,0xF4,0x2C,0xE0,0x00,0xF8,0x08,0x08,0xFF,0x08,0x08,0xF8,0x00,0x00,
	0x80,0x7F,0x09,0x3F,0x89,0xFF,20,0x63,0x21,0x21,0x3F,0x21,0x29,0x33,0x60,0x00,

	"摸",
	0x10,0x10,0x10,0xFF,0x10,0x94,0xE4,0xAF,0xA4,0xA4,0xA4,0xAF,0xE4,0x04,0x00,0x00,
	0x04,0x44,0x82,0x7F,0x01,0x88,0x4B,0x2A,0x1A,0x0E,0x1A,0x2A,0x4B,0x88,0x80,0x00,

	"力",
	0x00,0x10,0x10,0x10,0x10,0x10,0xFF,0x10,0x10,0x10,0x10,0x10,0xF0,0x00,0x00,0x00,
	0x00,0x80,0x40,0x20,0x18,0x06,0x01,0x00,0x20,0x40,0x80,0x40,0x3F,0x00,0x00,0x00,

	"角",
	0x20,0x10,0xE8,0x24,0x27,0x24,0x24,0xE4,0x24,0x34,0x2C,0x20,0xE0,0x00,0x00,0x00,
	0x80,0x60,0x1F,0x09,0x09,0x09,0x09,0x7F,0x09,0x09,0x49,0x89,0x7F,0x00,0x00,0x00,

	"速",
	0x40,0x40,0x42,0xCC,0x00,0x04,0xF4,0x94,0x94,0xFF,0x94,0x94,0xF4,0x04,0x00,0x00,
	0x00,0x40,0x20,0x1F,0x20,0x48,0x44,0x42,0x41,0x5F,0x41,0x42,0x44,0x48,0x40,0x00,

	"度",
	0x00,0x00,0xFC,0x24,0x24,0x24,0xFC,0x25,0x26,0x24,0xFC,0x24,0x24,0x24,0x04,0x00,
	0x40,0x30,0x8F,0x80,0x84,0x4C,0x55,0x25,0x25,0x25,0x55,0x4C,0x80,0x80,0x80,0x00,

	"陀",
	0x00,0xFE,0x02,0x22,0xDA,0x06,0x20,0xD8,0x08,0x09,0x0E,0x08,0x88,0x28,0x18,0x00,
	0x00,0xFF,0x08,0x10,0x08,0x07,0x00,0x3F,0x44,0x44,0x42,0x41,0x40,0x78,0x00,0x00,

	"螺",
	0x00,0xF8,0x08,0xFF,0x08,0xF8,0x00,0x3E,0xAA,0x6A,0x3E,0x2A,0xAA,0x3E,0x00,0x00,
	0x20,0x63,0x21,0x1F,0x11,0x39,0x48,0x29,0x09,0x8D,0xFB,0x09,0x08,0x2C,0x58,0x00,

	"加",
	0x10,0x10,0x10,0xFF,0x10,0x10,0xF0,0x00,0x00,0xF8,0x08,0x08,0x08,0xF8,0x00,0x00,
	0x80,0x40,0x30,0x0F,0x40,0x80,0x7F,0x00,0x00,0x7F,0x20,0x20,0x20,0x7F,0x00,0x00,

	"惯",
	0x00,0xE0,0x00,0xFF,0x10,0x20,0x08,0x7F,0x49,0x49,0x7F,0x49,0x49,0x7F,0x08,0x00,
	0x01,0x00,0x00,0xFF,0x00,0x00,0x80,0x9F,0x41,0x21,0x1D,0x21,0x21,0x5F,0x80,0x00,

	"性",
	0x00,0xE0,0x00,0xFF,0x10,0x20,0x40,0x3C,0x10,0x10,0xFF,0x10,0x10,0x10,0x00,0x00,
	0x01,0x00,0x00,0xFF,0x00,0x00,0x40,0x42,0x42,0x42,0x7F,0x42,0x42,0x42,0x40,0x00,

	"量",
	0x20,0x20,0x20,0xBE,0xAA,0xAA,0xAA,0xAA,0xAA,0xAA,0xAA,0xBE,0x20,0x20,0x20,0x00,
	0x00,0x80,0x80,0xAF,0xAA,0xAA,0xAA,0xFF,0xAA,0xAA,0xAA,0xAF,0x80,0x80,0x00,0x00,

	"元",
	0x20,0x20,0x22,0x22,0x22,0xE2,0x22,0x22,0x22,0xE2,0x22,0x22,0x22,0x20,0x20,0x00,
	0x80,0x40,0x20,0x10,0x0C,0x03,0x00,0x00,0x00,0x3F,0x40,0x40,0x40,0x40,0x78,0x00,

	"扫",
	0x10,0x10,0x10,0xFF,0x10,0x90,0x04,0x84,0x84,0x84,0x84,0x84,0x84,0xFC,0x00,0x00,
	0x04,0x44,0x82,0x7F,0x01,0x00,0x20,0x20,0x20,0x20,0x20,0x20,0x20,0x7F,0x00,0x00,

	"描",
	0x10,0x10,0x10,0xFF,0x10,0x90,0x04,0xC4,0x5F,0x44,0xC4,0x44,0x5F,0xC4,0x04,0x00,
	0x04,0x44,0x82,0x7F,0x01,0x00,0x00,0xFF,0x44,0x44,0x7F,0x44,0x44,0xFF,0x00,0x00,

	"读",
	0x40,0x40,0x42,0xCC,0x00,0x00,0x20,0x24,0xA4,0x24,0x3F,0xA4,0x24,0xA4,0x60,0x00,
	0x00,0x00,0x00,0x7F,0x20,0x10,0x88,0x8A,0x4C,0x29,0x18,0x0F,0x18,0x28,0xC8,0x00,

	"感",
	0x00,0x00,0xFC,0x04,0xD4,0x54,0x54,0x54,0xD4,0x04,0x7F,0x84,0xC5,0x36,0x04,0x00,
	0x88,0x66,0x01,0x00,0x63,0x82,0x82,0x92,0xAB,0x84,0x82,0xC1,0x02,0x24,0xCF,0x00,

	"知",
	0x20,0x18,0x0F,0x08,0xF8,0x08,0x08,0x00,0x00,0xFC,0x04,0x04,0x04,0xFC,0x00,0x00,
	0x81,0x41,0x31,0x0D,0x03,0x0D,0x71,0x01,0x00,0x3F,0x10,0x10,0x10,0x3F,0x00,0x00,

	"馈",
	0x40,0x30,0x8F,0x08,0x28,0x18,0x40,0x5C,0x54,0x54,0x7F,0x54,0x54,0x5C,0x40,0x00,
	0x00,0x00,0x7F,0x20,0x10,0x08,0x80,0x9F,0x41,0x21,0x1D,0x21,0x41,0x9F,0x00,0x00,

	"回",
	0x00,0x00,0xFE,0x02,0x02,0xF2,0x12,0x12,0x12,0xF2,0x02,0x02,0xFE,0x00,0x00,0x00,
	0x00,0x00,0x7F,0x20,0x20,0x27,0x24,0x24,0x24,0x27,0x20,0x20,0x7F,0x00,0x00,0x00,

	"传",
	0x00,0x80,0x60,0xF8,0x07,0x40,0x48,0x48,0xE8,0x5F,0x48,0x48,0x48,0x40,0x40,0x00,
	0x01,0x00,0x00,0xFF,0x00,0x00,0x02,0x0B,0x12,0x22,0xD2,0x0A,0x06,0x00,0x00,0x00,

	"波",
	0x10,0x60,0x02,0x0C,0xC0,0x00,0xF8,0x88,0x88,0x88,0xFF,0x88,0x88,0xA8,0x18,0x00,
	0x04,0x04,0x7C,0x03,0x80,0x60,0x1F,0x80,0x43,0x2C,0x10,0x28,0x46,0x81,0x80,0x00,

	"强",
	0x02,0xE2,0x22,0x22,0x3E,0x00,0x80,0x9E,0x92,0x92,0xF2,0x92,0x92,0x9E,0x80,0x00,
	0x00,0x43,0x82,0x42,0x3E,0x40,0x47,0x44,0x44,0x44,0x7F,0x44,0x44,0x54,0xE7,0x00,

	"弱",
	0x00,0xF2,0x92,0x92,0x92,0x92,0x9E,0x00,0xF2,0x92,0x92,0x92,0x92,0x9E,0x00,0x00,
	0x00,0x10,0x11,0x4A,0x88,0x44,0x3F,0x00,0x10,0x11,0x4A,0x88,0x44,0x3F,0x00,0x00,

	"亮",
	0x00,0x04,0x04,0x74,0x54,0x54,0x55,0x56,0x54,0x54,0x54,0x74,0x04,0x04,0x00,0x00,
	0x84,0x83,0x41,0x21,0x1D,0x05,0x05,0x05,0x05,0x05,0x7D,0x81,0x81,0x85,0xE3,0x00,

	"暗",
	0x00,0xFC,0x84,0x84,0xFC,0x40,0x44,0x54,0x65,0x46,0x44,0x64,0x54,0x44,0x40,0x00,
	0x00,0x3F,0x10,0x10,0x3F,0x00,0x00,0xFF,0x49,0x49,0x49,0x49,0xFF,0x00,0x00,0x00,

	"遮",
	0x40,0x42,0xCC,0x00,0x00,0xFC,0x44,0x44,0xF4,0x45,0x46,0x44,0xF4,0x44,0x44,0x00,
	0x80,0x40,0x3F,0x50,0x8C,0xA3,0x98,0x80,0x8B,0xB2,0x8A,0xB2,0x83,0x88,0xB0,0x00,

	"挡",
	0x10,0x10,0x10,0xFF,0x10,0x50,0x42,0x5C,0x40,0x7F,0x40,0x40,0x50,0xCE,0x00,0x00,
	0x04,0x44,0x82,0x7F,0x01,0x40,0x44,0x44,0x44,0x44,0x44,0x44,0x44,0xFF,0x00,0x00,

	"蔽",
	0x04,0xA4,0xC4,0x84,0xF4,0x8F,0xC4,0xA4,0x04,0x8F,0x74,0x44,0x44,0xC4,0x44,0x00,
	0x00,0xFF,0x08,0x04,0x1F,0x44,0x88,0x7F,0x81,0x40,0x2F,0x10,0x2C,0x43,0x80,0x00,

	"明",
	0x00,0xFC,0x44,0x44,0x44,0xFC,0x00,0x00,0xFE,0x22,0x22,0x22,0x22,0xFE,0x00,0x00,
	0x00,0x0F,0x04,0x04,0x04,0x8F,0x40,0x30,0x0F,0x02,0x02,0x42,0x82,0x7F,0x00,0x00,

	"半",
	0x00,0x00,0x42,0x44,0x58,0x40,0x40,0xFF,0x40,0x40,0x50,0x48,0x46,0x00,0x00,0x00,
	0x04,0x04,0x04,0x04,0x04,0x04,0x04,0xFF,0x04,0x04,0x04,0x04,0x04,0x04,0x04,0x00,

	"质",
	0x00,0x00,0xFE,0x12,0x12,0x92,0x92,0x92,0x92,0xFF,0x91,0x91,0x91,0x91,0x10,0x00,
	0x80,0x60,0x1F,0x80,0x80,0x5F,0x40,0x20,0x10,0x0E,0x10,0x10,0x20,0x5F,0x80,0x00,

	"色",
	0x20,0x10,0xE8,0x24,0x27,0x24,0x24,0xE4,0x24,0x34,0x2C,0x20,0xE0,0x00,0x00,0x00,
	0x00,0x00,0x3F,0x42,0x42,0x42,0x42,0x43,0x42,0x42,0x42,0x42,0x43,0x40,0x78,0x00,

	"深",
	0x10,0x60,0x02,0x8C,0x00,0x0E,0x22,0x12,0x0A,0xC2,0x0A,0x12,0x22,0x0E,0x00,0x00,
	0x04,0x04,0x7E,0x01,0x20,0x21,0x11,0x09,0x05,0xFF,0x05,0x09,0x11,0x21,0x20,0x00,

	"浅",
	0x10,0x60,0x02,0x8C,0x00,0x90,0x90,0x90,0xFF,0x90,0x49,0x4A,0x48,0x40,0x00,0x00,
	0x04,0x04,0x7E,0x01,0x00,0x40,0x40,0x20,0x13,0x0C,0x14,0x22,0x41,0xF8,0x00,0x00,

	"对",
	0x00,0x08,0x48,0x88,0x08,0xC8,0x38,0x00,0x90,0x10,0x10,0xFF,0x10,0x10,0x10,0x00,
	0x00,0x20,0x10,0x0C,0x03,0x04,0x18,0x00,0x00,0x43,0x80,0x7F,0x00,0x00,0x00,0x00,

	"比",
	0x00,0x00,0xFE,0x40,0x40,0x40,0x40,0x00,0xFF,0x80,0x40,0x20,0x10,0x08,0x00,0x00,
	0x00,0x00,0x7F,0x20,0x20,0x10,0x10,0x00,0x3F,0x40,0x40,0x40,0x40,0x40,0x78,0x00,

	"缘",
	0x20,0x30,0xAC,0x63,0x30,0x00,0x20,0x2C,0xAB,0x6A,0xAA,0x2A,0x3A,0x26,0xA0,0x00,
	0x22,0x67,0x22,0x12,0x12,0x00,0x49,0x49,0x24,0x52,0x89,0x7F,0x02,0x0D,0x10,0x00,

	"轮",
	0xC8,0xB8,0x8F,0xE8,0x88,0xC8,0x20,0x90,0x0C,0x03,0x0C,0x90,0x20,0x40,0x40,0x00,
	0x08,0x18,0x08,0xFF,0x04,0x04,0x00,0x3F,0x44,0x42,0x41,0x40,0x40,0x70,0x00,0x00,

	"廓",
	0x00,0x00,0xFE,0x0A,0xEA,0xAA,0xAE,0xAA,0xEB,0x02,0xFA,0x0A,0xCA,0x3A,0x02,0x00,
	0x40,0x30,0x0F,0x10,0x52,0x92,0x7A,0x0E,0x0A,0x08,0xFF,0x08,0x10,0x0F,0x00,0x00,

	"位",
	0x00,0x80,0x60,0xF8,0x07,0x10,0x90,0x10,0x11,0x16,0x10,0x10,0xD0,0x10,0x00,0x00,
	0x01,0x00,0x00,0xFF,0x40,0x40,0x41,0x5E,0x40,0x40,0x70,0x4E,0x41,0x40,0x40,0x00,

	"置",
	0x00,0x17,0x15,0xD5,0x55,0x57,0x55,0x7D,0x55,0x57,0x55,0xD5,0x15,0x17,0x00,0x00,
	0x40,0x40,0x40,0x7F,0x55,0x55,0x55,0x55,0x55,0x55,0x55,0x7F,0x40,0x40,0x40,0x00,

	"位",
	0x00,0x80,0x60,0xF8,0x07,0x10,0x90,0x10,0x11,0x16,0x10,0x10,0xD0,0x10,0x00,0x00,
	0x01,0x00,0x00,0xFF,0x40,0x40,0x41,0x5E,0x40,0x40,0x70,0x4E,0x41,0x40,0x40,0x00,

	"抖",
	0x10,0x10,0x10,0xFF,0x10,0x90,0x00,0x22,0xCC,0x00,0x00,0xFF,0x00,0x00,0x00,0x00,
	0x04,0x44,0x82,0x7F,0x01,0x00,0x04,0x04,0x04,0x04,0x04,0xFF,0x02,0x02,0x02,0x00,

	"平",
	0x00,0x02,0x02,0x12,0x62,0x02,0x02,0xFE,0x02,0x02,0x42,0x32,0x02,0x02,0x00,0x00,
	0x01,0x01,0x01,0x01,0x01,0x01,0x01,0xFF,0x01,0x01,0x01,0x01,0x01,0x01,0x01,0x00,

	"静",
	0x44,0x54,0x54,0x7F,0x54,0x54,0x44,0x20,0x28,0x27,0xE4,0x34,0x2C,0xE0,0x00,0x00,
	0x00,0xFF,0x15,0x55,0x95,0x7F,0x00,0x09,0x49,0x89,0x7F,0x09,0x09,0x1F,0x01,0x00,

	"止",
	0x00,0x00,0x00,0xF0,0x00,0x00,0x00,0xFF,0x40,0x40,0x40,0x40,0x40,0x00,0x00,0x00,
	0x40,0x40,0x40,0x7F,0x40,0x40,0x40,0x7F,0x40,0x40,0x40,0x40,0x40,0x40,0x40,0x00,

	"衡",
	0x10,0x88,0xC4,0x23,0x08,0xF4,0x93,0xF2,0x9A,0xF6,0x00,0x40,0x44,0xC4,0x44,0x00,
	0x01,0x00,0xFF,0x00,0x10,0x97,0x54,0x3F,0x54,0x97,0x10,0x40,0x80,0x7F,0x00,0x00,

	"倾",
	0x80,0x60,0xF8,0x07,0x00,0xFC,0x40,0x40,0x02,0xF2,0x1A,0xD6,0x12,0xF2,0x02,0x00,
	0x00,0x00,0xFF,0x00,0x00,0x1F,0x08,0x04,0x80,0x4F,0x30,0x0F,0x20,0x4F,0x80,0x00,

	"斜",
	0x20,0x10,0x28,0x24,0xE3,0x24,0x28,0x10,0x00,0x22,0xCC,0x00,0xFF,0x00,0x00,0x00,
	0x20,0x11,0x4D,0x81,0x7F,0x01,0x05,0x19,0x00,0x02,0x02,0x02,0xFF,0x01,0x01,0x00,

	"俯",
	0x80,0x60,0xF8,0x07,0x00,0xFC,0x04,0xC4,0x34,0x85,0x86,0x84,0xF4,0x84,0x84,0x00,
	0x00,0x00,0xFF,0x40,0x30,0x0F,0x01,0xFF,0x00,0x02,0x4C,0x80,0x7F,0x00,0x00,0x00,

	"仰",
	0x00,0x80,0x60,0xF8,0x07,0x00,0xFC,0x04,0x02,0x00,0xFC,0x04,0x04,0xFC,0x00,0x00,
	0x01,0x00,0x00,0xFF,0x00,0x00,0x1F,0x08,0x04,0x00,0xFF,0x04,0x08,0x07,0x00,0x00,

	"摆",
	0x10,0x10,0x10,0xFF,0x90,0x40,0x1E,0x92,0x92,0x9E,0xF2,0x9E,0x92,0x92,0x1E,0x00,
	0x02,0x42,0x81,0x7F,0x00,0x04,0x44,0xE4,0x54,0x4C,0x47,0x44,0x54,0x64,0xC4,0x00,

	"转",
	0xC8,0xB8,0x8F,0xE8,0x88,0x88,0x40,0x48,0x48,0xE8,0x5F,0x48,0x48,0x48,0x40,0x00,
	0x08,0x18,0x08,0xFF,0x04,0x04,0x00,0x02,0x0B,0x12,0x22,0xD2,0x0A,0x06,0x00,0x00,

	"周",
	0x00,0x00,0xFE,0x82,0x92,0x92,0x92,0xFE,0x92,0x92,0x92,0x82,0xFE,0x00,0x00,0x00,
	0x80,0x60,0x1F,0x00,0x00,0x1E,0x12,0x12,0x12,0x1E,0x40,0x80,0x7F,0x00,0x00,0x00,

	"圈",
	0x00,0xFE,0x42,0x52,0xD6,0x5A,0x72,0x5E,0x52,0x5A,0xD6,0x52,0x42,0xFE,0x00,0x00,
	0x00,0xFF,0x42,0x41,0x40,0x4F,0x51,0x51,0x55,0x57,0x58,0x41,0x42,0xFF,0x00,0x00,

	"数",
	0x90,0x52,0x34,0x10,0xFF,0x10,0x34,0x52,0x80,0x70,0x8F,0x08,0x08,0xF8,0x08,0x00,
	0x82,0x9A,0x56,0x63,0x22,0x52,0x8E,0x00,0x80,0x40,0x33,0x0C,0x33,0x40,0x80,0x00,

	"行",
	0x00,0x10,0x88,0xC4,0x33,0x00,0x40,0x42,0x42,0x42,0xC2,0x42,0x42,0x42,0x40,0x00,
	0x02,0x01,0x00,0xFF,0x00,0x00,0x00,0x00,0x40,0x80,0x7F,0x00,0x00,0x00,0x00,0x00,

	"程",
	0x24,0x24,0xA4,0xFE,0x23,0x22,0x00,0x3E,0x22,0x22,0x22,0x22,0x22,0x3E,0x00,0x00,
	0x08,0x06,0x01,0xFF,0x01,0x06,0x40,0x49,0x49,0x49,0x7F,0x49,0x49,0x49,0x41,0x00,

	"移",
	0x24,0x24,0xA4,0xFE,0x23,0x22,0x00,0x10,0x08,0x94,0x67,0x24,0x94,0x0C,0x00,0x00,
	0x08,0x06,0x01,0xFF,0x01,0x06,0x00,0x89,0x89,0x44,0x4A,0x33,0x12,0x0A,0x06,0x00,

	"远",
	0x40,0x40,0x42,0xCC,0x00,0x20,0x22,0xE2,0x22,0x22,0xE2,0x22,0x22,0x20,0x00,0x00,
	0x00,0x80,0x40,0x3F,0x40,0xA0,0x98,0x87,0x80,0x80,0x9F,0xA0,0xA0,0xBC,0x80,0x00,

	"近",
	0x40,0x40,0x42,0xCC,0x00,0x00,0x00,0xFC,0x24,0x24,0x24,0xE2,0x23,0x22,0x20,0x00,
	0x00,0x40,0x20,0x1F,0x20,0x50,0x4C,0x43,0x40,0x40,0x40,0x5F,0x40,0x40,0x40,0x00,

	"长",
	0x80,0x80,0x80,0x80,0xFF,0x80,0x80,0xA0,0x90,0x88,0x84,0x82,0x80,0x80,0x80,0x00,
	0x00,0x00,0x00,0x00,0xFF,0x40,0x21,0x12,0x04,0x08,0x10,0x20,0x20,0x40,0x40,0x00,

	"短",
	0x90,0x88,0x87,0xFC,0x84,0x84,0x80,0x02,0xF2,0x12,0x12,0x12,0x12,0xF2,0x02,0x00,
	0x80,0x60,0x18,0x07,0x08,0x30,0x00,0x40,0x45,0x59,0x41,0x41,0x51,0x4D,0x40,0x00,

	"高",
	0x04,0x04,0x04,0x04,0xF4,0x94,0x95,0x96,0x94,0x94,0xF4,0x04,0x04,0x04,0x04,0x00,
	0x00,0xFE,0x02,0x02,0x7A,0x4A,0x4A,0x4A,0x4A,0x4A,0x7A,0x02,0x82,0xFE,0x00,0x00,

	"低",
	0x00,0x80,0x60,0xF8,0x07,0x00,0xFC,0x84,0x84,0x84,0xFE,0x82,0x83,0x82,0x80,0x00,
	0x01,0x00,0x00,0xFF,0x00,0x00,0xFF,0x40,0x20,0x00,0x41,0x8E,0x30,0x40,0xF8,0x00,

	"厚",
	0x00,0x00,0xFE,0x02,0x02,0xFA,0xAA,0xAA,0xAA,0xAA,0xAA,0xAA,0xFA,0x02,0x02,0x00,
	0x80,0x60,0x1F,0x00,0x10,0x12,0x12,0x52,0x92,0x72,0x1A,0x16,0x12,0x10,0x10,0x00,

	"薄",
	0x82,0x02,0x12,0x62,0x07,0x12,0xD2,0x52,0x52,0xFA,0x57,0x52,0xDA,0x12,0x02,0x00,
	0x10,0x13,0xF0,0x18,0x06,0x20,0x6F,0xA5,0x25,0x2F,0xA5,0xF5,0x2F,0x20,0x00,0x00,

	"大",
	0x20,0x20,0x20,0x20,0x20,0x20,0x20,0xFF,0x20,0x20,0x20,0x20,0x20,0x20,0x20,0x00,
	0x80,0x80,0x40,0x20,0x10,0x0C,0x03,0x00,0x03,0x0C,0x10,0x20,0x40,0x80,0x80,0x00,

	"小",
	0x00,0x00,0x00,0xE0,0x00,0x00,0x00,0xFF,0x00,0x00,0x00,0x20,0x40,0x80,0x00,0x00,
	0x08,0x04,0x03,0x00,0x00,0x40,0x80,0x7F,0x00,0x00,0x00,0x00,0x00,0x01,0x0E,0x00,

	"宽",
	0x10,0x0C,0x24,0x24,0x24,0x74,0x25,0x26,0x24,0x74,0x24,0x24,0x24,0x14,0x0C,0x00,
	0x80,0x80,0x80,0x5F,0x41,0x21,0x11,0x0D,0x71,0x81,0x81,0x9F,0x80,0x80,0xE0,0x00,

	"窄",
	0x10,0x0C,0x24,0x94,0x6C,0xC4,0x45,0x46,0x44,0x44,0x4C,0x54,0x64,0x14,0x0C,0x00,
	0x00,0x02,0x01,0x00,0x00,0xFF,0x12,0x12,0x12,0x12,0x12,0x12,0x10,0x00,0x00,0x00,

	"粗",
	0x44,0x58,0xC0,0xFF,0x50,0x4C,0x00,0xFE,0x22,0x22,0x22,0x22,0xFE,0x00,0x00,0x00,
	0x08,0x06,0x01,0xFF,0x01,0x46,0x40,0x7F,0x42,0x42,0x42,0x42,0x7F,0x40,0x40,0x00,

	"细",
	0x20,0x30,0xAC,0x63,0x20,0x18,0x00,0xFC,0x04,0x04,0xFC,0x04,0x04,0xFC,0x00,0x00,
	0x22,0x67,0x22,0x12,0x12,0x12,0x00,0xFF,0x41,0x41,0x7F,0x41,0x41,0xFF,0x00,0x00,
	
	"充",
	0x04,0x04,0x84,0xC4,0xA4,0x9C,0x85,0x86,0x84,0x84,0xA4,0xC4,0x84,0x04,0x04,0x00,
	0x00,0x80,0x80,0x40,0x30,0x0F,0x00,0x00,0x00,0x7F,0x80,0x80,0x81,0xF0,0x00,0x00,

	"放",
	0x08,0x08,0xF9,0x4A,0x48,0xC8,0x48,0x20,0xD8,0x17,0x10,0x10,0xF0,0x10,0x10,0x00,
	0x40,0x30,0x0F,0x20,0x40,0x3F,0x80,0x40,0x21,0x16,0x08,0x16,0x21,0x40,0x80,0x00,

	"保",
	0x00,0x80,0x60,0xF8,0x07,0x00,0x3E,0x22,0x22,0xE2,0x22,0x22,0x3E,0x00,0x00,0x00,
	0x01,0x00,0x00,0xFF,0x20,0x11,0x09,0x05,0x03,0xFF,0x03,0x05,0x09,0x11,0x20,0x00,

	"护",
	0x10,0x10,0x10,0xFF,0x10,0x90,0x00,0xF8,0x88,0x89,0x8E,0x88,0x88,0x88,0xF8,0x00,
	0x04,0x44,0x82,0x7F,0x81,0x40,0x30,0x0F,0x00,0x00,0x00,0x00,0x00,0x00,0x01,0x00,

	"短",
	0x90,0x88,0x87,0xFC,0x84,0x84,0x80,0x02,0xF2,0x12,0x12,0x12,0x12,0xF2,0x02,0x00,
	0x80,0x60,0x18,0x07,0x08,0x30,0x00,0x40,0x45,0x59,0x41,0x41,0x51,0x4D,0x40,0x00,

	"路",
	0x00,0x3E,0x22,0xE2,0x22,0x3E,0x00,0x10,0x88,0x57,0x24,0x54,0x8C,0x00,0x00,0x00,
	0x40,0x7E,0x40,0x3F,0x22,0x22,0x00,0x01,0xFE,0x42,0x42,0x42,0xFE,0x01,0x01,0x00,

	"过",
	0x40,0x40,0x42,0xCC,0x00,0x08,0x48,0x88,0x08,0x08,0x08,0xFF,0x08,0x08,0x08,0x00,
	0x00,0x40,0x20,0x1F,0x20,0x40,0x40,0x41,0x40,0x48,0x50,0x4F,0x40,0x40,0x40,0x00,

	"流",
	0x10,0x60,0x02,0x8C,0x00,0x44,0x64,0x54,0x4D,0x46,0x44,0x54,0x64,0xC4,0x04,0x00,
	0x04,0x04,0x7E,0x01,0x80,0x40,0x3E,0x00,0x00,0xFE,0x00,0x00,0x7E,0x80,0xE0,0x00,

	"熔",
	0x80,0x70,0x00,0xFF,0x10,0x08,0x0C,0x44,0x24,0x95,0x46,0x94,0x24,0x44,0x0C,0x00,
	0x80,0x60,0x18,0x07,0x08,0x30,0x04,0x02,0xFD,0x44,0x44,0x44,0xFD,0x02,0x04,0x00,

	"丝",
	0x00,0x60,0x50,0x4C,0x43,0xC0,0x30,0x00,0x60,0x50,0x4C,0x43,0xC0,0x30,0x00,0x00,
	0x40,0x48,0x4C,0x4A,0x49,0x48,0x48,0x40,0x48,0x4C,0x4A,0x49,0x48,0x48,0x40,0x00,

	"天",
	0x40,0x40,0x42,0x42,0x42,0x42,0x42,0xFE,0x42,0x42,0x42,0x42,0x42,0x40,0x40,0x00,
	0x80,0x80,0x40,0x20,0x10,0x0C,0x03,0x00,0x03,0x0C,0x10,0x20,0x40,0x80,0x80,0x00,

	"线",
	0x20,0x30,0xAC,0x63,0x20,0x18,0x80,0x90,0x90,0xFF,0x90,0x49,0x4A,0x48,0x40,0x00,
	0x22,0x67,0x22,0x12,0x12,0x12,0x40,0x40,0x20,0x13,0x0C,0x14,0x22,0x41,0xF8,0x00,

	"无",
	0x00,0x40,0x42,0x42,0x42,0xC2,0x7E,0x42,0xC2,0x42,0x42,0x42,0x40,0x40,0x00,0x00,
	0x80,0x40,0x20,0x10,0x0C,0x03,0x00,0x00,0x3F,0x40,0x40,0x40,0x40,0x70,0x00,0x00,

	"拓",
	0x10,0x10,0x10,0xFF,0x10,0x90,0x04,0x04,0x84,0xE4,0x9C,0x84,0x84,0x84,0x04,0x00,
	0x04,0x44,0x82,0x7F,0x01,0x04,0x02,0x01,0xFF,0x40,0x40,0x40,0x40,0xFF,0x00,0x00,

	"展",
	0x00,0x00,0xFE,0x12,0x92,0x92,0xF2,0x92,0x92,0x92,0xF2,0x92,0x92,0x1E,0x00,0x00,
	0x80,0x60,0x1F,0x04,0x04,0xFC,0x47,0x24,0x0C,0x14,0x27,0x34,0x4C,0x44,0x44,0x00,

	"底",
	0x00,0x00,0xFC,0x04,0x04,0xE4,0x24,0x25,0x26,0xE4,0x14,0x14,0x14,0x14,0x04,0x00,
	0x80,0x60,0x1F,0x00,0x00,0xFF,0x42,0x22,0x02,0x43,0x8E,0x12,0x22,0x42,0xF2,0x00,

	"座",
	0x00,0x00,0xFC,0x04,0x84,0x74,0x84,0x05,0xFE,0x04,0x84,0x74,0x84,0x04,0x04,0x00,
	0x40,0x30,0x4F,0x41,0x44,0x44,0x44,0x45,0x7F,0x45,0x44,0x44,0x44,0x41,0x40,0x00,

	"铜",
	0x40,0x30,0xEF,0x24,0x24,0x00,0xFE,0x02,0x92,0x92,0x92,0x92,0x02,0xFE,0x00,0x00,
	0x01,0x01,0x7F,0x21,0x11,0x00,0xFF,0x00,0x0F,0x08,0x08,0x4F,0x80,0x7F,0x00,0x00,

	"柱",
	0x10,0x10,0xD0,0xFF,0x90,0x10,0x08,0x08,0x08,0x09,0xFA,0x08,0x08,0x08,0x08,0x00,
	0x04,0x03,0x00,0xFF,0x00,0x03,0x40,0x41,0x41,0x41,0x7F,0x41,0x41,0x41,0x40,0x00,

	"支",
	0x00,0x08,0x88,0x88,0x88,0x88,0x88,0xFF,0x88,0x88,0x88,0x88,0x08,0x08,0x00,0x00,
	0x80,0x80,0x80,0x41,0x42,0x24,0x28,0x10,0x28,0x24,0x42,0x41,0x80,0x80,0x80,0x00,

	"架",
	0x00,0x84,0x44,0x34,0x0F,0x44,0x84,0x7C,0x00,0x7C,0x44,0x44,0x44,0x7C,0x00,0x00,
	0x44,0x44,0x24,0x24,0x14,0x0C,0x04,0xFF,0x04,0x0C,0x14,0x24,0x24,0x44,0x44,0x00,

	"螺",
	0x00,0xF8,0x08,0xFF,0x08,0xF8,0x00,0x3E,0xAA,0x6A,0x3E,0x2A,0xAA,0x3E,0x00,0x00,
	0x20,0x63,0x21,0x1F,0x11,0x39,0x48,0x29,0x09,0x8D,0xFB,0x09,0x08,0x2C,0x58,0x00,

	"丝",
	0x00,0x60,0x50,0x4C,0x43,0xC0,0x30,0x00,0x60,0x50,0x4C,0x43,0xC0,0x30,0x00,0x00,
	0x40,0x48,0x4C,0x4A,0x49,0x48,0x48,0x40,0x48,0x4C,0x4A,0x49,0x48,0x48,0x40,0x00,

	"外",
	0x00,0xC0,0x30,0x1F,0x10,0x10,0xF0,0x00,0x00,0xFF,0x20,0x40,0x80,0x00,0x00,0x00,
	0x81,0x40,0x21,0x12,0x0C,0x03,0x00,0x00,0x00,0xFF,0x00,0x00,0x00,0x03,0x00,0x00,

	"壳",
	0x00,0x84,0x84,0xA4,0xA4,0xA4,0xA4,0xBF,0xA4,0xA4,0xA4,0xA4,0x84,0x84,0x80,0x00,
	0x82,0x81,0x40,0x20,0x1C,0x04,0x04,0x04,0x04,0x04,0x7C,0x80,0x80,0x82,0xE1,0x00,

	"晶",
	0x00,0x00,0x00,0x00,0x7F,0x49,0x49,0x49,0x49,0x49,0x7F,0x00,0x00,0x00,0x00,0x00,
	0x00,0xFF,0x49,0x49,0x49,0x49,0xFF,0x00,0xFF,0x49,0x49,0x49,0x49,0xFF,0x00,0x00,

	"焊",
	0x80,0x70,0x00,0xFF,0x20,0x10,0x00,0x3E,0x2A,0x2A,0x2A,0x2A,0x2A,0x3E,0x00,0x00,
	0x80,0x60,0x18,0x07,0x08,0x30,0x08,0x09,0x09,0x09,0xFF,0x09,0x09,0x09,0x08,0x00,

	"接",
	0x10,0x10,0x10,0xFF,0x10,0x50,0x44,0x54,0x65,0xC6,0x44,0x64,0x54,0x44,0x40,0x00,
	0x04,0x44,0x82,0x7F,0x01,0x82,0x82,0x4A,0x56,0x23,0x22,0x52,0x4E,0x82,0x02,0x00,

	"隔",
	0x00,0xFE,0x22,0x5A,0x86,0x00,0x02,0x7A,0x4A,0x4A,0x4A,0x4A,0x4A,0x7A,0x02,0x00,
	0x00,0xFF,0x04,0x08,0x07,0x00,0xFF,0x09,0x0B,0x0D,0x79,0x0D,0x4B,0x89,0x7F,0x00,

	"离",
	0x04,0x04,0x04,0xF4,0x84,0xD4,0xA5,0xA6,0xA4,0xD4,0x84,0xF4,0x04,0x04,0x04,0x00,
	0x00,0xFE,0x02,0x02,0x12,0x3A,0x16,0x13,0x12,0x1A,0x32,0x42,0x82,0x7E,0x00,0x00,

	"绝",
	0x20,0x30,0xAC,0x63,0x10,0x20,0x10,0xE8,0x27,0x24,0xE4,0x34,0x2C,0xE0,0x00,0x00,
	0x22,0x67,0x22,0x12,0x12,0x00,0x00,0x3F,0x42,0x42,0x43,0x42,0x42,0x43,0x70,0x00,

	"缘",
	0x20,0x30,0xAC,0x63,0x30,0x00,0x20,0x2C,0xAB,0x6A,0xAA,0x2A,0x3A,0x26,0xA0,0x00,
	0x22,0x67,0x22,0x12,0x12,0x00,0x49,0x49,0x24,0x52,0x89,0x7F,0x02,0x0D,0x10,0x00,

	"导",
	0x00,0x00,0x7E,0x92,0x92,0x92,0x92,0x92,0x92,0x92,0x92,0x9E,0x80,0xE0,0x00,0x00,
	0x04,0x04,0x04,0x04,0x0C,0x34,0x04,0x04,0x44,0x84,0x7F,0x04,0x04,0x04,0x04,0x00,

	"镀",
	0x40,0x30,0xEF,0x24,0x24,0x00,0xFC,0x24,0x24,0xFD,0xA6,0xA4,0xFC,0x24,0x24,0x00,
	0x01,0x01,0x7F,0x21,0x91,0x60,0x1F,0x80,0x82,0x4E,0x52,0x22,0x5A,0x86,0x80,0x00,

	"锡",
	0x20,0x10,0x2C,0xE7,0x24,0x24,0x00,0xFE,0x92,0x92,0x92,0x92,0xFE,0x00,0x00,0x00,
	0x01,0x01,0x01,0x7F,0x21,0x11,0x24,0x92,0x4B,0x26,0x12,0x4E,0x82,0x7E,0x00,0x00,

	"烙",
	0x80,0x70,0x00,0xFF,0x10,0x28,0x10,0x18,0xA7,0x44,0xA4,0x14,0x0C,0x00,0x00,0x00,
	0x80,0x60,0x18,0x07,0x08,0x34,0x02,0xFD,0x44,0x44,0x44,0x45,0xFD,0x02,0x02,0x00,

	"铁",
	0x20,0x10,0x2C,0xE7,0x24,0x24,0x40,0x3C,0x10,0x10,0xFF,0x10,0x10,0x10,0x00,0x00,
	0x01,0x01,0x01,0x7F,0x21,0x11,0x80,0x41,0x31,0x0D,0x03,0x0D,0x31,0x41,0x81,0x00,

	"胶",
	0x00,0xFE,0x22,0x22,0xFE,0x00,0x88,0x48,0x28,0x09,0x0E,0x08,0x28,0x48,0x88,0x00,
	0x80,0x7F,0x02,0x82,0xFF,0x00,0x80,0x80,0x43,0x2C,0x10,0x2C,0x43,0x80,0x80,0x00,

	"粘",
	0x44,0x58,0xC0,0xFF,0x50,0x4C,0x00,0x00,0x00,0x00,0xFF,0x10,0x10,0x10,0x10,0x00,
	0x08,0x06,0x01,0xFF,0x01,0x06,0x00,0xFF,0x41,0x41,0x41,0x41,0x41,0xFF,0x00,0x00,

	"固",
	0x00,0xFE,0x02,0x12,0x92,0x92,0x92,0xFE,0x92,0x92,0x92,0x12,0x02,0xFE,0x00,0x00,
	0x00,0xFF,0x40,0x40,0x5F,0x48,0x48,0x48,0x48,0x48,0x5F,0x40,0x40,0xFF,0x00,0x00,

	"定",
	0x10,0x0C,0x44,0x44,0x44,0x44,0x45,0xC6,0x44,0x44,0x44,0x44,0x44,0x14,0x0C,0x00,
	0x80,0x40,0x20,0x1E,0x20,0x40,0x40,0x7F,0x44,0x44,0x44,0x44,0x44,0x40,0x40,0x00,

	"垫",
	0x00,0x44,0x44,0x24,0xFF,0x14,0x00,0x24,0xA4,0x7F,0x84,0x04,0xFC,0x00,0xC0,0x00,
	0x40,0x40,0x49,0x4A,0x49,0x48,0x48,0x7E,0x49,0x48,0x48,0x48,0x48,0x41,0x43,0x00,

	"片",
	0x00,0x00,0x00,0xFE,0x20,0x20,0x20,0x20,0x20,0x3F,0x20,0x20,0x20,0x20,0x00,0x00,
	0x00,0x80,0x60,0x1F,0x02,0x02,0x02,0x02,0x02,0x02,0xFE,0x00,0x00,0x00,0x00,0x00,

	"母",
	0x40,0x40,0xC0,0x7E,0x42,0x42,0x4A,0x72,0x42,0x42,0x42,0xFE,0x40,0x40,0x40,0x00,
	0x00,0x00,0x0F,0x08,0x08,0x08,0x09,0x0E,0x48,0x88,0x48,0x3F,0x08,0x08,0x00,0x00,

	"栓",
	0x10,0x10,0xD0,0xFF,0x90,0x10,0x20,0x50,0x48,0x44,0xC3,0x44,0x48,0x50,0x20,0x00,
	0x04,0x03,0x00,0xFF,0x00,0x01,0x40,0x44,0x44,0x44,0x7F,0x44,0x44,0x44,0x40,0x00,

	"槽",
	0x10,0x10,0xD0,0xFF,0x90,0x04,0xF4,0x54,0xFF,0x54,0x54,0xFF,0x54,0xF4,0x04,0x00,
	0x04,0x03,0x00,0xFF,0x00,0x01,0x01,0xFD,0x55,0x55,0x55,0x55,0xFD,0x01,0x00,0x00,

	"口",
	0x00,0x00,0xFC,0x04,0x04,0x04,0x04,0x04,0x04,0x04,0x04,0x04,0xFC,0x00,0x00,0x00,
	0x00,0x00,0x7F,0x20,0x20,0x20,0x20,0x20,0x20,0x20,0x20,0x20,0x7F,0x00,0x00,0x00,

	"仓",
	0x40,0x40,0x20,0x20,0x90,0x88,0x84,0x83,0x84,0x88,0x90,0x20,0x20,0x40,0x40,0x00,
	0x00,0x00,0x00,0x00,0x3F,0x40,0x40,0x40,0x44,0x48,0x47,0x40,0x40,0x78,0x00,0x00,

	"盒",
	0x10,0x10,0x08,0xC8,0x54,0x54,0x52,0x51,0x52,0x54,0x54,0xC8,0x08,0x10,0x10,0x00,
	0x40,0x40,0x7C,0x45,0x45,0x7D,0x45,0x45,0x45,0x7D,0x45,0x45,0x7C,0x40,0x40,0x00,

	"盖",
	0x00,0x04,0x24,0x24,0x25,0x26,0x24,0xFC,0x24,0x26,0x25,0x24,0x24,0x04,0x00,0x00,
	0x81,0x81,0xF9,0x89,0x89,0xF9,0x89,0x89,0x89,0xF9,0x89,0x89,0xF9,0x81,0x81,0x00,

	"锁",
	0x20,0x10,0x2C,0xE7,0x24,0x24,0x00,0xE2,0x2C,0x20,0xBF,0x20,0x28,0xE6,0x00,0x00,
	0x01,0x01,0x01,0x7F,0x21,0x11,0x80,0x4F,0x20,0x10,0x0F,0x10,0x20,0x4F,0x80,0x00,

	"扣",
	0x10,0x10,0x10,0xFF,0x10,0x90,0x00,0xFC,0x04,0x04,0x04,0x04,0x04,0xFC,0x00,0x00,
	0x04,0x44,0x82,0x7F,0x01,0x00,0x00,0x7F,0x20,0x20,0x20,0x20,0x20,0x7F,0x00,0x00,

	"卡",
	0x40,0x40,0x40,0x40,0x40,0x40,0xFF,0x44,0x44,0x44,0x44,0x44,0x44,0x40,0x40,0x00,
	0x00,0x00,0x00,0x00,0x00,0x00,0xFF,0x00,0x00,0x02,0x04,0x08,0x10,0x00,0x00,0x00,

	"触",
	0x10,0xEC,0x27,0xF4,0x2C,0xE0,0x00,0xF8,0x08,0x08,0xFF,0x08,0x08,0xF8,0x00,0x00,
	0x80,0x7F,0x09,0x3F,0x89,0xFF,0x20,0x63,0x21,0x21,0x3F,0x21,0x29,0x33,0x60,0x00,

	"弹",
	0x02,0xE2,0x22,0x22,0x3E,0x00,0x00,0xF9,0x4A,0x4C,0xF8,0x4C,0x4A,0xF9,0x00,0x00,
	0x00,0x43,0x82,0x42,0x3E,0x00,0x10,0x13,0x12,0x12,0xFF,0x12,0x12,0x13,0x10,0x00,

	"轨",
	0xC8,0xB8,0x8F,0xE8,0x88,0x88,0x10,0x10,0xFF,0x10,0x10,0xF0,0x00,0x00,0x00,0x00,
	0x08,0x18,0x08,0xFF,0x04,0x84,0x40,0x30,0x0F,0x00,0x00,0x3F,0x40,0x40,0x78,0x00,

	"撑",
	0x10,0x10,0x10,0xFF,0x10,0x90,0x0C,0x05,0x76,0x54,0x57,0x54,0xF6,0x85,0x0C,0x00,
	0x04,0x44,0x82,0x7F,0x01,0x00,0x10,0x15,0x55,0x95,0x7F,0x15,0x14,0x14,0x10,0x00,

	"托",
	0x10,0x10,0x10,0xFF,0x10,0x90,0x04,0x04,0x04,0xFC,0x82,0x82,0x83,0x82,0x80,0x00,
	0x04,0x44,0x82,0x7F,0x01,0x00,0x01,0x01,0x01,0x3F,0x40,0x40,0x40,0x40,0x78,0x00,

	"腿",
	0x00,0xFE,0x22,0x22,0xFE,0x40,0x42,0xCC,0x00,0xFE,0x92,0x92,0x92,0xFE,0x00,0x00,
	0x80,0x7F,0x02,0x82,0xFF,0x80,0x40,0x3F,0x40,0xBF,0x90,0x89,0x82,0x8C,0xB2,0x00,

	"底",
	0x00,0x00,0xFC,0x04,0x04,0xE4,0x24,0x25,0x26,0xE4,0x14,0x14,0x14,0x14,0x04,0x00,
	0x80,0x60,0x1F,0x00,0x00,0xFF,0x42,0x22,0x02,0x43,0x8E,0x12,0x22,0x42,0xF2,0x00,

	"盘",
	0x20,0x20,0x20,0xFC,0x24,0x26,0xA5,0x2C,0x34,0x24,0x24,0xFC,0x20,0x20,0x20,0x00,
	0x40,0x42,0x7D,0x44,0x44,0x7C,0x44,0x45,0x44,0x7D,0x46,0x45,0x7C,0x40,0x40,0x00,

	"紧",
	0x00,0x00,0x3E,0x00,0x00,0xBF,0x40,0x02,0x46,0x2A,0x92,0x2A,0x46,0x42,0x00,0x00,
	0x00,0x80,0x48,0x29,0x09,0x4D,0x8D,0x7B,0x0B,0x09,0x28,0x4C,0x98,0x00,0x00,0x00,

	"松",
	0x10,0x10,0xD0,0xFF,0x90,0x10,0x80,0x60,0x1E,0x00,0xE0,0x07,0x18,0x60,0x80,0x00,
	0x04,0x03,0x00,0xFF,0x00,0x03,0x20,0x70,0x2C,0x23,0x20,0x20,0x24,0x38,0x60,0x00,

	"卸",
	0x10,0x48,0x47,0x44,0xFC,0x44,0x44,0x44,0x00,0xFC,0x04,0x04,0x04,0xFC,0x00,0x00,
	0x20,0x60,0x3E,0x20,0x1F,0x12,0x12,0x10,0x00,0xFF,0x00,0x08,0x10,0x0F,0x00,0x00,

	"拆",
	0x10,0x10,0x10,0xFF,0x10,0x90,0x00,0xFC,0x44,0x44,0x44,0xC2,0x43,0x42,0x40,0x00,
	0x04,0x44,0x82,0x7F,0x01,0x80,0x60,0x1F,0x00,0x00,0x02,0xFF,0x04,0x08,0x10,0x00,

	"装",
	0x40,0x42,0x24,0x10,0xFF,0x00,0x84,0x44,0x44,0x44,0x7F,0x44,0x44,0x44,0x04,0x00,
	0x22,0x22,0x12,0x12,0x0A,0xFE,0x42,0x27,0x0A,0x12,0x22,0x32,0x4A,0x42,0x42,0x00,

	"修",
	0x40,0x20,0xF8,0x07,0xF0,0xA0,0x90,0x4C,0x57,0x24,0xA4,0x54,0x4C,0x80,0x80,0x00,
	0x00,0x00,0xFF,0x00,0x1F,0x80,0x92,0x52,0x49,0x29,0x24,0x12,0x08,0x00,0x00,0x00,

	"理",
	0x04,0x84,0x84,0xFC,0x84,0x84,0x00,0xFE,0x92,0x92,0xFE,0x92,0x92,0xFE,0x00,0x00,
	0x20,0x60,0x20,0x1F,0x10,0x10,0x40,0x44,0x44,0x44,0x7F,0x44,0x44,0x44,0x40,0x00,

	"检",
	0x10,0x10,0xD0,0xFF,0x90,0x50,0x20,0x50,0x4C,0x43,0x4C,0x50,0x20,0x40,0x40,0x00,
	0x04,0x03,0x00,0xFF,0x00,0x41,0x44,0x58,0x41,0x4E,0x60,0x58,0x47,0x40,0x40,0x00,

	"更",
	0x02,0x02,0xF2,0x92,0x92,0x92,0x92,0xFE,0x92,0x92,0x92,0x92,0xF2,0x02,0x02,0x00,
	0x80,0x80,0x87,0x4C,0x54,0x24,0x34,0x4F,0x44,0x44,0x84,0x84,0x87,0x80,0x80,0x00,

	"换",
	0x10,0x10,0x10,0xFF,0x90,0x20,0x10,0xE8,0x27,0x24,0xE4,0x34,0x2C,0xE0,0x00,0x00,
	0x02,0x42,0x81,0x7F,0x00,0x84,0x84,0x47,0x24,0x1C,0x07,0x1C,0x24,0x47,0x84,0x00,

	"备",
	0x80,0x90,0x90,0x48,0x4C,0x57,0x24,0x24,0x24,0x54,0x4C,0x44,0x80,0x80,0x80,0x00,
	0x00,0x00,0x00,0xFF,0x49,0x49,0x49,0x7F,0x49,0x49,0x49,0xFF,0x00,0x00,0x00,0x00,

	"零",
	0x10,0x0C,0x05,0x55,0x55,0x55,0x85,0x7F,0x85,0x55,0x55,0x55,0x05,0x14,0x0C,0x00,
	0x04,0x04,0x02,0x0A,0x09,0x29,0x2A,0x4C,0x48,0xA9,0x19,0x02,0x02,0x04,0x04,0x00,

	"配",
	0xF2,0x12,0xFE,0x12,0xFE,0x12,0xF2,0x00,0x84,0x84,0x84,0x84,0xFC,0x00,0x00,0x00,
	0xFF,0x4A,0x49,0x48,0x49,0x49,0xFF,0x00,0x3F,0x40,0x40,0x40,0x41,0x40,0x70,0x00,

	"原",
	0x00,0x00,0xFE,0x02,0x02,0xF2,0x92,0x9A,0x96,0x92,0x92,0xF2,0x02,0x02,0x02,0x00,
	0x80,0x60,0x1F,0x40,0x20,0x17,0x44,0x84,0x7C,0x04,0x04,0x17,0x20,0x40,0x00,0x00,

	"元",
	0x20,0x20,0x22,0x22,0x22,0xE2,0x22,0x22,0x22,0xE2,0x22,0x22,0x22,0x20,0x20,0x00,
	0x80,0x40,0x20,0x10,0x0C,0x03,0x00,0x00,0x00,0x3F,0x40,0x40,0x40,0x40,0x78,0x00,

	"件",
	0x00,0x80,0x60,0xF8,0x07,0x80,0x60,0x1C,0x10,0x10,0xFF,0x10,0x10,0x10,0x00,0x00,
	0x01,0x00,0x00,0xFF,0x00,0x02,0x02,0x02,0x02,0x02,0xFF,0x02,0x02,0x02,0x02,0x00,

	"材",
	0x10,0x10,0x10,0xD0,0xFF,0x90,0x10,0x00,0x10,0x10,0x10,0xD0,0xFF,0x10,0x10,0x00,
	0x08,0x04,0x03,0x00,0xFF,0x00,0x03,0x00,0x08,0x04,0x43,0x80,0x7F,0x00,0x00,0x00,

	"料",
	0x40,0x44,0x58,0xC0,0xFF,0x50,0x4C,0x00,0x22,0xCC,0x00,0x00,0xFF,0x00,0x00,0x00,
	0x10,0x08,0x06,0x01,0xFF,0x01,0x06,0x00,0x04,0x04,0x04,0x04,0xFF,0x02,0x02,0x00,

	"塑",
	0x04,0x74,0x45,0x46,0xFC,0x46,0x45,0x74,0x00,0xFE,0x2A,0x2A,0x2A,0xFE,0x00,0x00,
	0x40,0x44,0x4A,0x49,0x48,0x48,0x48,0x7E,0x49,0x48,0x48,0x49,0x4A,0x41,0x40,0x00,

	"金",
	0x80,0x80,0x40,0x20,0x50,0x48,0x44,0xC3,0x44,0x48,0x50,0x20,0x40,0x80,0x80,0x00,
	0x40,0x40,0x42,0x4A,0x72,0x42,0x42,0x7F,0x42,0x42,0x62,0x5A,0x42,0x40,0x40,0x00,

	"属",
	0x00,0x00,0xFE,0x0A,0xAA,0xAA,0xAA,0xAA,0xEA,0xAA,0xAA,0xAA,0xAA,0x0E,0x00,0x00,
	0x40,0x30,0x0F,0xF8,0x0B,0x2A,0x2A,0x2A,0x3F,0x2A,0x2A,0x7A,0x8B,0x78,0x00,0x00,

	"铝",
	0x20,0x10,0x2C,0xE7,0x24,0x24,0x00,0x00,0x7E,0x42,0x42,0x42,0x42,0x7E,0x00,0x00,
	0x01,0x01,0x01,0x7F,0x21,0x11,0x00,0xFE,0x42,0x42,0x42,0x42,0x42,0x42,0xFE,0x00,

	"钢",
	0x20,0x10,0x2C,0xE7,0x24,0x24,0x00,0xFE,0x12,0x62,0x82,0x72,0x02,0xFE,0x00,0x00,
	0x01,0x01,0x01,0x7F,0x21,0x11,0x00,0xFF,0x08,0x06,0x01,0x4E,0x80,0x7F,0x00,0x00,

	"铁",
	0x20,0x10,0x2C,0xE7,0x24,0x24,0x40,0x3C,0x10,0x10,0xFF,0x10,0x10,0x10,0x00,0x00,
	0x01,0x01,0x01,0x7F,0x21,0x11,0x80,0x41,0x31,0x0D,0x03,0x0D,0x31,0x41,0x81,0x00,

	"铜",
	0x40,0x30,0xEF,0x24,0x24,0x00,0xFE,0x02,0x92,0x92,0x92,0x92,0x02,0xFE,0x00,0x00,
	0x01,0x01,0x7F,0x21,0x11,0x00,0xFF,0x00,0x0F,0x08,0x08,0x4F,0x80,0x7F,0x00,0x00,

	"合",
	0x40,0x40,0x20,0x20,0x50,0x48,0x44,0x43,0x44,0x48,0x50,0x20,0x20,0x40,0x40,0x00,
	0x00,0x00,0x00,0xFE,0x42,0x42,0x42,0x42,0x42,0x42,0x42,0xFE,0x00,0x00,0x00,0x00,

	"缘",
	0x20,0x30,0xAC,0x63,0x30,0x00,0x20,0x2C,0xAB,0x6A,0xAA,0x2A,0x3A,0x26,0xA0,0x00,
	0x22,0x67,0x22,0x12,0x12,0x00,0x49,0x49,0x24,0x52,0x89,0x7F,0x02,0x0D,0x10,0x00,

	"胶",
	0x00,0xFE,0x22,0x22,0xFE,0x00,0x88,0x48,0x28,0x09,0x0E,0x08,0x28,0x48,0x88,0x00,
	0x80,0x7F,0x02,0x82,0xFF,0x00,0x80,0x80,0x43,0x2C,0x10,0x2C,0x43,0x80,0x80,0x00,

	"垫",
	0x00,0x44,0x44,0x24,0xFF,0x14,0x00,0x24,0xA4,0x7F,0x84,0x04,0xFC,0x00,0xC0,0x00,
	0x40,0x40,0x49,0x4A,0x49,0x48,0x48,0x7E,0x49,0x48,0x48,0x48,0x48,0x41,0x43,0x00,

	"泡",
	0x10,0x60,0x02,0x8C,0x40,0x20,0xF8,0x27,0x24,0x24,0xE4,0x04,0x04,0xFC,0x00,0x00,
	0x04,0x04,0x7E,0x01,0x00,0x00,0x3F,0x42,0x42,0x42,0x43,0x44,0x48,0x47,0x70,0x00,

	"棉",
	0x10,0x10,0xD0,0xFF,0x90,0x10,0x00,0x7C,0x54,0x56,0xD5,0x54,0x54,0x7C,0x00,0x00,
	0x04,0x03,0x00,0xFF,0x00,0x01,0x3E,0x02,0x02,0x02,0xFF,0x02,0x12,0x22,0x1E,0x00,

	"震",
	0x10,0x0C,0x05,0x55,0x55,0x55,0x05,0x7F,0x05,0x55,0x55,0x55,0x05,0x14,0x0C,0x00,
	0x80,0x40,0x3F,0x11,0x15,0xF5,0x95,0x15,0x15,0x35,0x55,0x55,0xB5,0x91,0x80,0x00,

	"弹",
	0x02,0xE2,0x22,0x22,0x3E,0x00,0x00,0xF9,0x4A,0x4C,0xF8,0x4C,0x4A,0xF9,0x00,0x00,
	0x00,0x43,0x82,0x42,0x3E,0x00,0x10,0x13,0x12,0x12,0xFF,0x12,0x12,0x13,0x10,0x00,

	"簧",
	0x48,0x44,0x53,0x52,0x56,0x7A,0x52,0xD0,0x54,0x7B,0x52,0x56,0x52,0x42,0x42,0x00,
	0x00,0x00,0x9F,0x55,0x35,0x15,0x15,0x1F,0x15,0x15,0x35,0x55,0x9F,0x00,0x00,0x00,

	"减",
	0x00,0x02,0x0C,0xC0,0x00,0xF8,0x08,0x48,0x48,0x48,0x08,0xFF,0x08,0x09,0x8A,0x00,
	0x02,0x02,0x7F,0x80,0x40,0x3F,0x00,0x1E,0x92,0x5E,0x20,0x17,0x38,0x46,0xF1,0x00,

	"防",
	0x00,0xFE,0x02,0x22,0xDA,0x06,0x08,0x08,0xF8,0x89,0x8E,0x88,0x88,0x88,0x08,0x00,
	0x00,0xFF,0x08,0x10,0x08,0x87,0x40,0x30,0x0F,0x00,0x40,0x80,0x40,0x3F,0x00,0x00,

	"尘",
	0x00,0x40,0x20,0x10,0x0C,0x00,0x00,0x7F,0x00,0x00,0x04,0x08,0x10,0x60,0x00,0x00,
	0x40,0x40,0x44,0x44,0x44,0x44,0x44,0x7F,0x44,0x44,0x44,0x44,0x44,0x40,0x40,0x00,

	"水",
	0x00,0x20,0x20,0x20,0xA0,0x60,0x00,0xFF,0x60,0x80,0x40,0x20,0x18,0x00,0x00,0x00,
	0x20,0x10,0x08,0x06,0x01,0x40,0x80,0x7F,0x00,0x01,0x02,0x04,0x08,0x10,0x10,0x00,

	"潮",
	0x20,0xC2,0x0C,0x80,0x00,0xE4,0xA4,0xBF,0xA4,0xE4,0x00,0xFE,0x22,0x22,0xFE,0x00,
	0x04,0x04,0x7E,0x01,0x10,0x13,0x12,0xFE,0x12,0x93,0x60,0x1F,0x42,0x82,0x7F,0x00,

	"腐",
	0x00,0x00,0xFE,0x42,0x22,0xF2,0x0E,0x12,0x33,0xD2,0x12,0x92,0xFE,0x12,0x12,0x00,
	0x40,0x30,0x0F,0x00,0xFE,0x02,0x4A,0x26,0x1B,0x26,0x4A,0x02,0x82,0xFE,0x00,0x00,

	"干",
	0x80,0x80,0x82,0x82,0x82,0x82,0x82,0xFE,0x82,0x82,0x82,0x82,0x82,0x80,0x80,0x00,
	0x00,0x00,0x00,0x00,0x00,0x00,0x00,0xFF,0x00,0x00,0x00,0x00,0x00,0x00,0x00,0x00,

	"扰",
	0x10,0x10,0x10,0xFF,0x10,0x90,0x00,0x20,0x20,0xFF,0x20,0xE2,0x2C,0x20,0x20,0x00,
	0x04,0x44,0x82,0x7F,0x01,0x00,0x80,0x60,0x1C,0x03,0x00,0x3F,0x40,0x40,0x70,0x00,

	"屏",
	0x00,0x00,0xFE,0x12,0x92,0xB2,0xD2,0x92,0x92,0x92,0xD2,0xB2,0x9E,0x00,0x00,0x00,
	0x40,0x30,0x0F,0x04,0x84,0x64,0x1F,0x04,0x04,0x04,0xFF,0x04,0x04,0x04,0x00,0x00,

	"蔽",
	0x04,0xA4,0xC4,0x84,0xF4,0x8F,0xC4,0xA4,0x04,0x8F,0x74,0x44,0x44,0xC4,0x44,0x00,
	0x00,0xFF,0x08,0x04,0x1F,0x44,0x88,0x7F,0x81,0x40,0x2F,0x10,0x2C,0x43,0x80,0x00,

	"网",
	0x00,0xFE,0x02,0x22,0x42,0x82,0x72,0x02,0x22,0x42,0x82,0x72,0x02,0xFE,0x00,0x00,
	0x00,0xFF,0x10,0x08,0x06,0x01,0x0E,0x10,0x08,0x06,0x01,0x4E,0x80,0x7F,0x00,0x00,

	"罩",
	0x00,0x0E,0x8A,0x8A,0x8A,0x8E,0x8A,0xFA,0xAA,0xAE,0xAA,0xAA,0xAA,0x2E,0x00,0x00,
	0x20,0x20,0x2F,0x2A,0x2A,0x2A,0x2A,0xFA,0x2A,0x2A,0x2A,0x2A,0x2F,0x20,0x20,0x00,

	"室",
	0x10,0x0C,0x24,0x24,0xA4,0x64,0x25,0x26,0x24,0x24,0xA4,0x24,0x24,0x14,0x0C,0x00,
	0x40,0x40,0x48,0x49,0x49,0x49,0x49,0x7F,0x49,0x49,0x49,0x4B,0x48,0x40,0x40,0x00,

	"腔",
	0x00,0xFE,0x22,0x22,0xFE,0x20,0x98,0x48,0x28,0x09,0x0E,0x28,0x48,0xA8,0x18,0x00,
	0x80,0x7F,0x02,0x82,0xFF,0x40,0x40,0x42,0x42,0x42,0x7E,0x42,0x42,0x42,0x40,0x00,

	"体",
	0x00,0x80,0x60,0xF8,0x07,0x10,0x10,0x10,0xD0,0xFF,0xD0,0x10,0x10,0x10,0x00,0x00,
	0x01,0x00,0x00,0xFF,0x10,0x08,0x04,0x0B,0x08,0xFF,0x08,0x0B,0x04,0x08,0x10,0x00,

	"内",
	0x00,0xF8,0x08,0x08,0x08,0x08,0x88,0x7F,0x88,0x08,0x08,0x08,0x08,0xF8,0x00,0x00,
	0x00,0xFF,0x00,0x08,0x04,0x02,0x01,0x00,0x00,0x01,0x02,0x4C,0x80,0x7F,0x00,0x00,

	"部",
	0x40,0x44,0x54,0x65,0x46,0x44,0x64,0x54,0x44,0x40,0xFE,0x02,0x22,0xDA,0x06,0x00,
	0x00,0x00,0x7E,0x22,0x22,0x22,0x22,0x7E,0x00,0x00,0xFF,0x08,0x10,0x08,0x07,0x00,

	"外",
	0x00,0xC0,0x30,0x1F,0x10,0x10,0xF0,0x00,0x00,0xFF,0x20,0x40,0x80,0x00,0x00,0x00,
	0x81,0x40,0x21,0x12,0x0C,0x03,0x00,0x00,0x00,0xFF,0x00,0x00,0x00,0x03,0x00,0x00,

	"部",
	0x40,0x44,0x54,0x65,0x46,0x44,0x64,0x54,0x44,0x40,0xFE,0x02,0x22,0xDA,0x06,0x00,
	0x00,0x00,0x7E,0x22,0x22,0x22,0x22,0x7E,0x00,0x00,0xFF,0x08,0x10,0x08,0x07,0x00,

	"侧",
	0x80,0x60,0xF8,0x07,0x00,0xFE,0x02,0xF2,0x02,0xFE,0x00,0xF8,0x00,0xFF,0x00,0x00,
	0x00,0x00,0xFF,0x00,0x80,0x47,0x30,0x0F,0x10,0x27,0x00,0x47,0x80,0x7F,0x00,0x00,

	"面",
	0x02,0x02,0xE2,0x22,0x22,0xF2,0x2E,0x22,0x22,0xE2,0x22,0x22,0xE2,0x02,0x02,0x00,
	0x00,0x00,0xFF,0x40,0x40,0x7F,0x49,0x49,0x49,0x7F,0x40,0x40,0xFF,0x00,0x00,0x00,

	"顶",
	0x04,0x04,0x04,0xFC,0x04,0x04,0x04,0xF2,0x12,0x1A,0xD6,0x12,0x12,0xF2,0x02,0x00,
	0x00,0x20,0x40,0x3F,0x00,0x00,0x80,0x4F,0x20,0x18,0x07,0x10,0x20,0x4F,0x80,0x00,

	"部",
	0x40,0x44,0x54,0x65,0x46,0x44,0x64,0x54,0x44,0x40,0xFE,0x02,0x22,0xDA,0x06,0x00,
	0x00,0x00,0x7E,0x22,0x22,0x22,0x22,0x7E,0x00,0x00,0xFF,0x08,0x10,0x08,0x07,0x00,

	"底",
	0x00,0x00,0xFC,0x04,0x04,0xE4,0x24,0x25,0x26,0xE4,0x14,0x14,0x14,0x14,0x04,0x00,
	0x80,0x60,0x1F,0x00,0x00,0xFF,0x42,0x22,0x02,0x43,0x8E,0x12,0x22,0x42,0xF2,0x00,

	"前",
	0x08,0x08,0xE8,0x29,0x2E,0x28,0xE8,0x08,0x08,0xC8,0x0C,0x0B,0xE8,0x08,0x08,0x00,
	0x00,0x00,0xFF,0x09,0x49,0x89,0x7F,0x00,0x00,0x0F,0x40,0x80,0x7F,0x00,0x00,0x00,

	"端",
	0xC8,0x08,0x09,0x0E,0xE8,0x08,0x40,0x5E,0x50,0x50,0xDF,0x50,0x50,0x5E,0x40,0x00,
	0x20,0x6F,0x20,0x1C,0x13,0x10,0x00,0xFE,0x02,0x7F,0x02,0x7E,0x82,0xFE,0x00,0x00,

	"后",
	0x00,0x00,0x00,0xFC,0x24,0x24,0x24,0x24,0x22,0x22,0x22,0x23,0x22,0x20,0x20,0x00,
	0x40,0x20,0x18,0x07,0x00,0xFE,0x42,0x42,0x42,0x42,0x42,0x42,0xFE,0x00,0x00,0x00,

	"左",
	0x08,0x08,0x08,0x08,0x88,0x78,0x0F,0x08,0x08,0x08,0x08,0x08,0x08,0x08,0x08,0x00,
	0x20,0x10,0x48,0x46,0x41,0x41,0x41,0x41,0x7F,0x41,0x41,0x41,0x41,0x40,0x40,0x00,

	"右",
	0x08,0x08,0x08,0x08,0xC8,0x38,0x0F,0x08,0x08,0x08,0x08,0x08,0x08,0x08,0x08,0x00,
	0x08,0x04,0x02,0x01,0xFF,0x41,0x41,0x41,0x41,0x41,0x41,0x41,0xFF,0x00,0x00,0x00,

	"上",
	0x00,0x00,0x00,0x00,0x00,0x00,0xFF,0x40,0x40,0x40,0x40,0x40,0x40,0x00,0x00,0x00,
	0x40,0x40,0x40,0x40,0x40,0x40,0x7F,0x40,0x40,0x40,0x40,0x40,0x40,0x40,0x40,0x00,

	"层",
	0x00,0x00,0xFE,0x12,0x92,0x92,0x92,0x92,0x92,0x92,0x92,0x92,0x92,0x9E,0x00,0x00,
	0x80,0x60,0x1F,0x04,0x44,0xE4,0x54,0x4C,0x44,0x44,0x44,0x54,0x64,0xC4,0x04,0x00,

	"下",
	0x02,0x02,0x02,0x02,0x02,0x02,0xFE,0x02,0x02,0x42,0x82,0x02,0x02,0x02,0x02,0x00,
	0x00,0x00,0x00,0x00,0x00,0x00,0xFF,0x00,0x00,0x00,0x00,0x01,0x06,0x00,0x00,0x00,

	"置",
	0x00,0x17,0x15,0xD5,0x55,0x57,0x55,0x7D,0x55,0x57,0x55,0xD5,0x15,0x17,0x00,0x00,
	0x40,0x40,0x40,0x7F,0x55,0x55,0x55,0x55,0x55,0x55,0x55,0x7F,0x40,0x40,0x40,0x00,

	"接",
	0x10,0x10,0x10,0xFF,0x10,0x50,0x44,0x54,0x65,0xC6,0x44,0x64,0x54,0x44,0x40,0x00,
	0x04,0x44,0x82,0x7F,0x01,0x82,0x82,0x4A,0x56,0x23,0x22,0x52,0x4E,0x82,0x02,0x00,

	"直",
	0x00,0x04,0x04,0xF4,0x94,0x94,0x94,0x9F,0x94,0x94,0x94,0xF4,0x04,0x04,0x00,0x00,
	0x40,0x40,0x40,0x7F,0x4A,0x4A,0x4A,0x4A,0x4A,0x4A,0x4A,0x7F,0x40,0x40,0x40,0x00,

	"连",
	0x40,0x40,0x42,0xCC,0x00,0x04,0x44,0x64,0x5C,0x47,0xF4,0x44,0x44,0x44,0x04,0x00,
	0x00,0x40,0x20,0x1F,0x20,0x44,0x44,0x44,0x44,0x44,0x7F,0x44,0x44,0x44,0x44,0x00,

	"串",
	0x00,0x00,0x3C,0x24,0x24,0x24,0x24,0xFF,0x24,0x24,0x24,0x24,0x3C,0x00,0x00,0x00,
	0x00,0x1F,0x09,0x09,0x09,0x09,0x09,0xFF,0x09,0x09,0x09,0x09,0x09,0x1F,0x00,0x00,

	"联",
	0x02,0xFE,0x92,0x92,0xFE,0x02,0x00,0x10,0x11,0x16,0xF0,0x14,0x13,0x10,0x00,0x00,
	0x10,0x1F,0x08,0x08,0xFF,0x04,0x81,0x41,0x31,0x0D,0x03,0x0D,0x31,0x41,0x81,0x00,

	"并",
	0x00,0x10,0x10,0x11,0xF6,0x10,0x10,0x10,0x10,0x10,0xF4,0x13,0x10,0x10,0x00,0x00,
	0x02,0x82,0x42,0x32,0x0F,0x02,0x02,0x02,0x02,0x02,0xFF,0x02,0x02,0x02,0x02,0x00,

	"供",
	0x00,0x80,0x60,0xF8,0x07,0x00,0x10,0xFF,0x10,0x10,0x10,0xFF,0x10,0x10,0x00,0x00,
	0x01,0x00,0x00,0xFF,0x80,0x42,0x22,0x1B,0x02,0x02,0x02,0x0B,0x32,0xC2,0x02,0x00,

	"能",
	0x08,0xCC,0x4A,0x49,0x48,0x4A,0xCC,0x18,0x00,0x7F,0x88,0x88,0x84,0x82,0xE0,0x00,
	0x00,0xFF,0x12,0x12,0x52,0x92,0x7F,0x00,0x00,0x7E,0x88,0x88,0x84,0x82,0xE0,0x00,

	"耗",
	0x88,0xA8,0xA8,0xFF,0xA8,0xA8,0x88,0x00,0x44,0x44,0xFC,0x22,0x23,0x22,0x00,0x00,
	0x20,0x18,0x06,0xFF,0x02,0x0C,0x00,0x04,0x04,0x04,0x7F,0x82,0x82,0x82,0xF2,0x00,

	"功",
	0x08,0x08,0x08,0xF8,0x08,0x08,0x08,0x10,0x10,0xFF,0x10,0x10,0x10,0xF0,0x00,0x00,
	0x10,0x30,0x10,0x1F,0x08,0x88,0x48,0x30,0x0E,0x01,0x40,0x80,0x40,0x3F,0x00,0x00,

	"率",
	0x00,0x14,0xA4,0x44,0x24,0x34,0xAD,0x66,0x24,0x94,0x04,0x44,0xA4,0x14,0x00,0x00,
	0x08,0x09,0x08,0x08,0x09,0x09,0x09,0xFD,0x09,0x09,0x0B,0x08,0x08,0x09,0x08,0x00,

	"负",
	0x00,0x20,0x10,0xE8,0x24,0x27,0x24,0xA4,0x24,0x34,0x2C,0xE0,0x00,0x00,0x00,0x00,
	0x00,0x80,0x80,0x4F,0x40,0x20,0x18,0x07,0x10,0x10,0x20,0x4F,0x80,0x00,0x00,0x00,

	"荷",
	0x04,0x84,0xC4,0x34,0x04,0x2F,0x24,0x24,0x24,0x2F,0x24,0x24,0xE4,0x24,0x24,0x00,
	0x01,0x00,0xFF,0x00,0x00,0x1F,0x11,0x11,0x11,0x1F,0x40,0x80,0x7F,0x00,0x00,0x00,

	"载",
	0x90,0x94,0x94,0xF4,0x9F,0x94,0x94,0x94,0x10,0x10,0xFF,0x10,0x12,0xD4,0x10,0x00,
	0x20,0x26,0x25,0x24,0xFE,0x14,0x14,0x14,0x80,0x40,0x27,0x18,0x26,0x41,0xF0,0x00,

	"流",
	0x10,0x60,0x02,0x8C,0x00,0x44,0x64,0x54,0x4D,0x46,0x44,0x54,0x64,0xC4,0x04,0x00,
	0x04,0x04,0x7E,0x01,0x80,0x40,0x3E,0x00,0x00,0xFE,0x00,0x00,0x7E,0x80,0xE0,0x00,

	"压",
	0x00,0x00,0xFE,0x02,0x82,0x82,0x82,0x82,0xFA,0x82,0x82,0x82,0x82,0x82,0x02,0x00,
	0x80,0x60,0x1F,0x40,0x40,0x40,0x40,0x40,0x7F,0x40,0x40,0x44,0x58,0x40,0x40,0x00,

	"阻",
	0x00,0xFE,0x02,0x22,0xDA,0x06,0x00,0xFE,0x22,0x22,0x22,0x22,0xFE,0x00,0x00,0x00,
	0x00,0xFF,0x08,0x10,0x08,0x47,0x40,0x7F,0x42,0x42,0x42,0x42,0x7F,0x40,0x40,0x00,

	"抗",
	0x10,0x10,0x10,0xFF,0x10,0x90,0x08,0xC8,0x49,0x4E,0x48,0xC8,0x08,0x08,0x00,0x00,
	0x04,0x44,0x82,0x7F,0x01,0x80,0x60,0x1F,0x00,0x00,0x00,0x3F,0x40,0x40,0x78,0x00,

	"值",
	0x00,0x80,0x60,0xF8,0x07,0x04,0xE4,0xA4,0xA4,0xBF,0xA4,0xA4,0xE4,0x04,0x00,0x00,
	0x01,0x00,0x00,0xFF,0x40,0x40,0x7F,0x4A,0x4A,0x4A,0x4A,0x4A,0x7F,0x40,0x40,0x00,

	"容",
	0x10,0x0C,0x44,0x24,0x14,0x84,0x45,0x26,0x44,0x84,0x14,0x24,0x44,0x14,0x0C,0x00,
	0x04,0x04,0x02,0xFE,0x45,0x44,0x44,0x44,0x44,0x44,0x45,0xFE,0x02,0x04,0x04,0x00,

	"量",
	0x20,0x20,0x20,0xBE,0xAA,0xAA,0xAA,0xAA,0xAA,0xAA,0xAA,0xBE,0x20,0x20,0x20,0x00,
	0x00,0x80,0x80,0xAF,0xAA,0xAA,0xAA,0xFF,0xAA,0xAA,0xAA,0xAF,0x80,0x80,0x00,0x00,

	"荷",
	0x04,0x84,0xC4,0x34,0x04,0x2F,0x24,0x24,0x24,0x2F,0x24,0x24,0xE4,0x24,0x24,0x00,
	0x01,0x00,0xFF,0x00,0x00,0x1F,0x11,0x11,0x11,0x1F,0x40,0x80,0x7F,0x00,0x00,0x00,

	"能",
	0x08,0xCC,0x4A,0x49,0x48,0x4A,0xCC,0x18,0x00,0x7F,0x88,0x88,0x84,0x82,0xE0,0x00,
	0x00,0xFF,0x12,0x12,0x52,0x92,0x7F,0x00,0x00,0x7E,0x88,0x88,0x84,0x82,0xE0,0x00,

	"量",
	0x20,0x20,0x20,0xBE,0xAA,0xAA,0xAA,0xAA,0xAA,0xAA,0xAA,0xBE,0x20,0x20,0x20,0x00,
	0x00,0x80,0x80,0xAF,0xAA,0xAA,0xAA,0xFF,0xAA,0xAA,0xAA,0xAF,0x80,0x80,0x00,0x00,

	"功",
	0x08,0x08,0x08,0xF8,0x08,0x08,0x08,0x10,0x10,0xFF,0x10,0x10,0x10,0xF0,0x00,0x00,
	0x10,0x30,0x10,0x1F,0x08,0x88,0x48,0x30,0x0E,0x01,0x40,0x80,0x40,0x3F,0x00,0x00,

	"损",
	0x10,0x10,0x10,0xFF,0x10,0x90,0x00,0xC0,0x5E,0x52,0x52,0x52,0x5E,0xC0,0x00,0x00,
	0x04,0x44,0x82,0x7F,0x01,0x00,0x80,0x8F,0x40,0x30,0x0F,0x10,0x20,0xCF,0x00,0x00,

	"发",
	0x00,0x00,0x18,0x16,0x10,0xD0,0xB8,0x97,0x90,0x90,0x90,0x92,0x94,0x10,0x00,0x00,
	0x00,0x20,0x10,0x8C,0x83,0x80,0x41,0x46,0x28,0x10,0x28,0x44,0x43,0x80,0x80,0x00,

	"热",
	0x08,0x08,0x88,0xFF,0x48,0x48,0x00,0x08,0x48,0xFF,0x08,0x08,0xF8,0x00,0x00,0x00,
	0x81,0x65,0x08,0x07,0x20,0xC0,0x08,0x04,0x23,0xC0,0x03,0x00,0x23,0xC4,0x0F,0x00,

	"散",
	0x20,0xA4,0xBF,0xA4,0xA4,0xBF,0xA4,0x20,0x80,0x70,0x8F,0x08,0x08,0xF8,0x08,0x00,
	0x00,0xFF,0x0A,0x0A,0x4A,0x8A,0x7F,0x00,0x80,0x40,0x33,0x0C,0x33,0x40,0x80,0x00,

	"冷",
	0x00,0x02,0x0C,0xC0,0x00,0x40,0x20,0x10,0x0C,0x23,0xCC,0x10,0x20,0x40,0x40,0x00,
	0x02,0x02,0x7F,0x00,0x00,0x00,0x01,0x09,0x11,0x21,0xD1,0x0D,0x03,0x00,0x00,0x00,

	"却",
	0x80,0x88,0x88,0x88,0xFF,0x88,0x88,0x88,0x80,0xFC,0x04,0x04,0x04,0xFC,0x00,0x00,
	0x10,0x38,0x14,0x13,0x10,0x14,0x18,0x30,0x00,0xFF,0x00,0x08,0x10,0x0F,0x00,0x00,

	"温",
	0x10,0x60,0x02,0x8C,0x00,0x00,0xFE,0x92,0x92,0x92,0x92,0x92,0xFE,0x00,0x00,0x00,
	0x04,0x04,0x7E,0x01,0x40,0x7E,0x42,0x42,0x7E,0x42,0x7E,0x42,0x42,0x7E,0x40,0x00,

	"升",
	0x80,0x80,0x84,0x84,0x84,0xFE,0x82,0x83,0x82,0x80,0xFF,0x80,0x80,0x80,0x80,0x00,
	0x00,0x80,0x40,0x20,0x18,0x07,0x00,0x00,0x00,0x00,0xFF,0x00,0x00,0x00,0x00,0x00,

	"降",
	0x00,0xFE,0x02,0x22,0xDA,0x86,0x90,0x48,0x57,0x24,0xA4,0x54,0x4C,0x84,0x80,0x00,
	0x00,0xFF,0x08,0x10,0x08,0x07,0x18,0x12,0x12,0x12,0xFF,0x12,0x12,0x12,0x10,0x00,

	"恒",
	0x00,0xE0,0x00,0xFF,0x10,0x20,0x02,0xF2,0x92,0x92,0x92,0x92,0x92,0xF2,0x02,0x00,
	0x01,0x00,0x00,0xFF,0x00,0x00,0x40,0x4F,0x44,0x44,0x44,0x44,0x44,0x4F,0x40,0x00,

	"加",
	0x10,0x10,0x10,0xFF,0x10,0x10,0xF0,0x00,0x00,0xF8,0x08,0x08,0x08,0xF8,0x00,0x00,
	0x80,0x40,0x30,0x0F,0x40,0x80,0x7F,0x00,0x00,0x7F,0x20,0x20,0x20,0x7F,0x00,0x00,

	"制",
	0x40,0x50,0x4E,0x48,0x48,0xFF,0x48,0x48,0x48,0x40,0xF8,0x00,0x00,0xFF,0x00,0x00,
	0x00,0x00,0x3E,0x02,0x02,0xFF,0x12,0x22,0x1E,0x00,0x0F,0x40,0x80,0x7F,0x00,0x00,
	
	"盘",
	0x20,0x20,0x20,0xFC,0x24,0x26,0xA5,0x2C,0x34,0x24,0x24,0xFC,0x20,0x20,0x20,0x00,
	0x40,0x42,0x7D,0x44,0x44,0x7C,0x44,0x45,0x44,0x7D,0x46,0x45,0x7C,0x40,0x40,0x00,

	"排",
	0x10,0x10,0x10,0xFF,0x90,0x08,0x88,0x88,0xFF,0x00,0x00,0xFF,0x88,0x88,0x08,0x00,
	0x02,0x42,0x81,0x7F,0x00,0x08,0x08,0x08,0xFF,0x00,0x00,0xFF,0x08,0x08,0x08,0x00,

	"针",
	0x40,0x20,0x38,0xE7,0x24,0x24,0x44,0x40,0x40,0x40,0xFF,0x40,0x40,0x40,0x40,0x00,
	0x01,0x01,0x01,0x7F,0x21,0x11,0x09,0x00,0x00,0x00,0xFF,0x00,0x00,0x00,0x00,0x00,

	"插",
	0x10,0x10,0xFF,0x10,0xB0,0x24,0x24,0xA4,0x24,0xFC,0x22,0x22,0x23,0x22,0x20,0x00,
	0x42,0x82,0x7F,0x01,0x00,0xFF,0x49,0x48,0x40,0x7F,0x40,0x49,0x49,0xFF,0x00,0x00,

	"座",
	0x00,0x00,0xFC,0x04,0x84,0x74,0x84,0x05,0xFE,0x04,0x84,0x74,0x84,0x04,0x04,0x00,
	0x40,0x30,0x4F,0x41,0x44,0x44,0x44,0x45,0x7F,0x45,0x44,0x44,0x44,0x41,0x40,0x00,

	"引",
	0x00,0x02,0xE2,0x22,0x22,0x22,0x22,0x3E,0x00,0x00,0x00,0x00,0xFF,0x00,0x00,0x00,
	0x00,0x03,0x02,0x02,0x42,0x82,0x42,0x3E,0x00,0x00,0x00,0x00,0xFF,0x00,0x00,0x00,

	"脚",
	0x00,0xFE,0x22,0x22,0xFE,0x80,0x88,0xFF,0x88,0x80,0x00,0xFC,0x04,0x04,0xFC,0x00,
	0x80,0x7F,0x02,0x82,0xFF,0x10,0x3C,0x13,0x18,0x30,0x00,0xFF,0x04,0x08,0x07,0x00,

	"信",
	0x00,0x80,0x60,0xF8,0x07,0x00,0x04,0x24,0x24,0x25,0x26,0x24,0x24,0x24,0x04,0x00,
	0x01,0x00,0x00,0xFF,0x00,0x00,0x00,0xF9,0x49,0x49,0x49,0x49,0x49,0xF9,0x00,0x00,

	"号",
	0x80,0x80,0x80,0xBE,0xA2,0xA2,0xA2,0xA2,0xA2,0xA2,0xA2,0xBE,0x80,0x80,0x80,0x00,
	0x00,0x00,0x00,0x06,0x05,0x04,0x04,0x04,0x44,0x84,0x44,0x3C,0x00,0x00,0x00,0x00,

	"总",
	0x00,0x00,0x00,0xF1,0x12,0x14,0x10,0x10,0x10,0x14,0x12,0xF1,0x00,0x00,0x00,0x00,
	0x40,0x30,0x00,0x03,0x39,0x41,0x41,0x45,0x59,0x41,0x41,0x73,0x00,0x08,0x30,0x00,

	"线",
	0x20,0x30,0xAC,0x63,0x20,0x18,0x80,0x90,0x90,0xFF,0x90,0x49,0x4A,0x48,0x40,0x00,
	0x22,0x67,0x22,0x12,0x12,0x12,0x40,0x40,0x20,0x13,0x0C,0x14,0x22,0x41,0xF8,0x00,

	"输",
	0x88,0x68,0x1F,0xC8,0x08,0x10,0xC8,0x54,0x52,0xD1,0x12,0x94,0x08,0xD0,0x10,0x00,
	0x09,0x19,0x09,0xFF,0x05,0x00,0xFF,0x12,0x92,0xFF,0x00,0x5F,0x80,0x7F,0x00,0x00,

	"入",
	0x00,0x00,0x00,0x00,0x00,0x01,0xE2,0x1C,0xE0,0x00,0x00,0x00,0x00,0x00,0x00,0x00,
	0x80,0x40,0x20,0x10,0x0C,0x03,0x00,0x00,0x00,0x03,0x0C,0x30,0x40,0x80,0x80,0x00,

	"出",
	0x00,0x00,0x7C,0x40,0x40,0x40,0x40,0xFF,0x40,0x40,0x40,0x40,0xFC,0x00,0x00,0x00,
	0x00,0x7C,0x40,0x40,0x40,0x40,0x40,0x7F,0x40,0x40,0x40,0x40,0x40,0xFC,0x00,0x00,

	"中",
	0x00,0x00,0xF0,0x10,0x10,0x10,0x10,0xFF,0x10,0x10,0x10,0x10,0xF0,0x00,0x00,0x00,
	0x00,0x00,0x0F,0x04,0x04,0x04,0x04,0xFF,0x04,0x04,0x04,0x04,0x0F,0x00,0x00,0x00,

	"断",
	0x00,0xFC,0x20,0x24,0xA8,0xFF,0xA8,0x24,0x00,0xFC,0x44,0x44,0xC4,0x42,0x40,0x00,
	0x00,0x3F,0x22,0x21,0x20,0x2F,0x20,0xA3,0x60,0x1F,0x00,0x00,0xFF,0x00,0x00,0x00,

	"时",
	0x00,0xFC,0x84,0x84,0x84,0xFC,0x00,0x10,0x10,0x10,0x10,0x10,0xFF,0x10,0x10,0x00,
	0x00,0x3F,0x10,0x10,0x10,0x3F,0x00,0x00,0x01,0x06,0x40,0x80,0x7F,0x00,0x00,0x00,

	"钟",
	0x20,0x10,0x2C,0xE7,0x24,0x24,0x00,0xF0,0x10,0x10,0xFF,0x10,0x10,0xF0,0x00,0x00,
	0x01,0x01,0x01,0x7F,0x21,0x11,0x00,0x07,0x02,0x02,0xFF,0x02,0x02,0x07,0x00,0x00,

	"定",
	0x10,0x0C,0x44,0x44,0x44,0x44,0x45,0xC6,0x44,0x44,0x44,0x44,0x44,0x14,0x0C,0x00,
	0x80,0x40,0x20,0x1E,0x20,0x40,0x40,0x7F,0x44,0x44,0x44,0x44,0x44,0x40,0x40,0x00,

	"看",
	0x20,0x22,0x2A,0x2A,0xAA,0x6A,0x3A,0x2E,0x29,0x29,0x29,0x29,0x29,0x20,0x20,0x00,
	0x08,0x04,0x02,0x01,0xFF,0x55,0x55,0x55,0x55,0x55,0x55,0xFF,0x00,0x00,0x00,0x00,

	"门",
	0x00,0xF8,0x01,0x06,0x00,0x00,0x02,0x02,0x02,0x02,0x02,0x02,0x02,0xFE,0x00,0x00,
	0x00,0xFF,0x00,0x00,0x00,0x00,0x00,0x00,0x00,0x00,0x00,0x40,0x80,0x7F,0x00,0x00,

	"狗",
	0x40,0x22,0x14,0x08,0xF4,0x22,0x10,0xCC,0x4B,0x48,0xC8,0x08,0x08,0xF8,0x00,0x00,
	0x08,0x44,0x82,0x41,0x3F,0x00,0x00,0x0F,0x04,0x04,0x4F,0x80,0x40,0x3F,0x00,0x00,

	"存",
	0x04,0x04,0x84,0xE4,0x1C,0x07,0x24,0x24,0x24,0x24,0xA4,0x64,0x24,0x04,0x04,0x00,
	0x02,0x01,0x00,0xFF,0x00,0x02,0x02,0x42,0x82,0x7F,0x02,0x02,0x02,0x02,0x02,0x00,

	"储",
	0x80,0x60,0xF8,0x87,0x84,0x98,0x00,0x20,0x24,0xA4,0x7F,0x24,0x34,0x28,0x24,0x00,
	0x00,0x00,0xFF,0x00,0x00,0x7F,0x24,0x12,0x01,0xFF,0x49,0x49,0x49,0xFF,0x00,0x00,

	"振",
	0x10,0x10,0x10,0xFF,0x10,0x90,0xFE,0x82,0x92,0x92,0x92,0x92,0x92,0x82,0x00,0x00,
	0x04,0x44,0x82,0x7F,0x81,0x60,0x1F,0x00,0xFF,0x80,0x47,0x18,0x24,0x42,0x80,0x00,

	"复",
	0x20,0x10,0x08,0xF7,0x54,0x54,0x54,0x54,0x54,0x54,0x54,0xF4,0x04,0x04,0x00,0x00,
	0x80,0x90,0x90,0x49,0x4D,0x57,0x25,0x25,0x25,0x55,0x4D,0x45,0x80,0x80,0x80,0x00,

	"位",
	0x00,0x80,0x60,0xF8,0x07,0x10,0x90,0x10,0x11,0x16,0x10,0x10,0xD0,0x10,0x00,0x00,
	0x01,0x00,0x00,0xFF,0x40,0x40,0x41,0x5E,0x40,0x40,0x70,0x4E,0x41,0x40,0x40,0x00,

	"开",
	0x80,0x82,0x82,0x82,0xFE,0x82,0x82,0x82,0x82,0x82,0xFE,0x82,0x82,0x82,0x80,0x00,
	0x00,0x80,0x40,0x30,0x0F,0x00,0x00,0x00,0x00,0x00,0xFF,0x00,0x00,0x00,0x00,0x00,

	"关",
	0x00,0x00,0x10,0x11,0x16,0x10,0x10,0xF0,0x10,0x10,0x14,0x13,0x10,0x00,0x00,0x00,
	0x81,0x81,0x41,0x41,0x21,0x11,0x0D,0x03,0x0D,0x11,0x21,0x41,0x41,0x81,0x81,0x00,

	"按",
	0x10,0x10,0x10,0xFF,0x90,0x20,0x98,0x88,0x88,0xE9,0x8E,0x88,0x88,0xA8,0x98,0x00,
	0x02,0x42,0x81,0x7F,0x00,0x00,0x80,0x84,0x4B,0x28,0x10,0x28,0x47,0x80,0x00,0x00,

	"键",
	0x40,0x30,0xEF,0x24,0x24,0x80,0xE4,0x9C,0x10,0x54,0x54,0xFF,0x54,0x7C,0x10,0x00,
	0x01,0x01,0x7F,0x21,0x51,0x26,0x18,0x27,0x44,0x45,0x45,0x5F,0x45,0x45,0x44,0x00,

	"指",
	0x10,0x10,0x10,0xFF,0x10,0x90,0x00,0x3F,0x48,0x48,0x44,0x44,0x44,0x42,0x70,0x00,
	0x04,0x44,0x82,0x7F,0x01,0x00,0x00,0xFF,0x49,0x49,0x49,0x49,0x49,0xFF,0x00,0x00,

	"示",
	0x40,0x40,0x42,0x42,0x42,0x42,0x42,0xC2,0x42,0x42,0x42,0x42,0x42,0x40,0x40,0x00,
	0x20,0x10,0x08,0x06,0x00,0x40,0x80,0x7F,0x00,0x00,0x00,0x02,0x04,0x08,0x30,0x00,

	"灯",
	0x80,0x70,0x00,0xFF,0x20,0x10,0x04,0x04,0x04,0x04,0xFC,0x04,0x04,0x04,0x04,0x00,
	0x80,0x60,0x18,0x07,0x08,0x30,0x00,0x00,0x40,0x80,0x7F,0x00,0x00,0x00,0x00,0x00,

	"蜂",
	0x00,0xF8,0x08,0xFF,0x08,0xF8,0x80,0x90,0x4C,0x57,0xA4,0x54,0x4C,0x84,0x80,0x00,
	0x20,0x63,0x21,0x1F,0x11,0x39,0x10,0x10,0x15,0x15,0xFF,0x15,0x15,0x10,0x10,0x00,

	"鸣",
	0x00,0xFC,0x04,0x04,0xFC,0x00,0x00,0xFC,0x04,0x16,0x65,0x04,0x84,0xFC,0x00,0x00,
	0x00,0x0F,0x04,0x04,0x0F,0x00,0x10,0x13,0x12,0x12,0x12,0x52,0x92,0x42,0x3E,0x00,

	"池",
	0x10,0x60,0x02,0xCC,0x80,0x80,0xFC,0x40,0x20,0xFF,0x10,0x08,0xF8,0x00,0x00,0x00,
	0x04,0x04,0x7E,0x01,0x00,0x00,0x3F,0x40,0x40,0x4F,0x40,0x44,0x47,0x40,0x78,0x00,

	"锂",
	0x20,0x10,0x2C,0xE7,0x24,0x24,0x00,0xFE,0x92,0x92,0xFE,0x92,0x92,0xFE,0x00,0x00,
	0x01,0x01,0x01,0x7F,0x21,0x11,0x40,0x44,0x44,0x44,0x7F,0x44,0x44,0x44,0x40,0x00,

	"蓄",
	0x12,0x12,0x12,0x52,0x77,0x52,0xD2,0xDA,0x52,0x52,0x37,0x92,0x12,0x12,0x12,0x00,
	0x00,0x00,0xFA,0xAA,0xAB,0xAB,0xAA,0xFA,0xAA,0xAA,0xAA,0xAA,0xFB,0x06,0x00,0x00,
	
	"芯",
	0x04,0x04,0x04,0x04,0x1F,0x04,0x24,0x44,0x84,0x04,0x1F,0x04,0x04,0x04,0x04,0x00,
	0x10,0x08,0x06,0x00,0x00,0x3F,0x40,0x40,0x40,0x40,0x40,0x70,0x01,0x02,0x0C,0x00,

	"片",
	0x00,0x00,0x00,0xFE,0x20,0x20,0x20,0x20,0x20,0x3F,0x20,0x20,0x20,0x20,0x00,0x00,
	0x00,0x80,0x60,0x1F,0x02,0x02,0x02,0x02,0x02,0x02,0xFE,0x00,0x00,0x00,0x00,0x00,

	"单",
	0x00,0x00,0xF8,0x49,0x4A,0x4C,0x48,0xF8,0x48,0x4C,0x4A,0x49,0xF8,0x00,0x00,0x00,
	0x10,0x10,0x13,0x12,0x12,0x12,0x12,0xFF,0x12,0x12,0x12,0x12,0x13,0x10,0x10,0x00,

	"板",
	0x10,0x10,0xD0,0xFF,0x90,0x10,0x00,0xFC,0x24,0xE4,0x24,0x22,0x23,0xE2,0x00,0x00,
	0x04,0x03,0x00,0xFF,0x00,0x83,0x60,0x1F,0x80,0x41,0x26,0x18,0x26,0x41,0x80,0x00,

	"模",
	0x10,0x10,0xD0,0xFF,0x90,0x14,0xE4,0xAF,0xA4,0xA4,0xA4,0xAF,0xE4,0x04,0x00,0x00,
	0x04,0x03,0x00,0xFF,0x00,0x89,0x4B,0x2A,0x1A,0x0E,0x1A,0x2A,0x4B,0x88,0x80,0x00,

	"块",
	0x20,0x20,0x20,0xFF,0x20,0x20,0x08,0x08,0x08,0xFF,0x08,0x08,0x08,0xF8,0x00,0x00,
	0x10,0x30,0x10,0x0F,0x88,0x48,0x21,0x11,0x0D,0x03,0x0D,0x11,0x21,0x41,0x81,0x00,

	"电",
	0x00,0x00,0xF8,0x88,0x88,0x88,0x88,0xFF,0x88,0x88,0x88,0x88,0xF8,0x00,0x00,0x00,
	0x00,0x00,0x1F,0x08,0x08,0x08,0x08,0x7F,0x88,0x88,0x88,0x88,0x9F,0x80,0xF0,0x00,

	"源",
	0x10,0x60,0x02,0x8C,0x00,0xFE,0x02,0xF2,0x52,0x5A,0x56,0x52,0x52,0xF2,0x02,0x00,
	0x04,0x04,0x7E,0x41,0x30,0x0F,0x20,0x13,0x49,0x81,0x7F,0x01,0x09,0x13,0x20,0x00,

	"驱",
	0x02,0xFA,0x82,0x82,0xFE,0x80,0x00,0xFE,0x02,0x12,0x62,0x82,0x62,0x1A,0x02,0x00,
	0x08,0x18,0x48,0x84,0x44,0x3F,0x00,0x7F,0x50,0x48,0x46,0x41,0x46,0x58,0x40,0x00,

	"动",
	0x40,0x44,0xC4,0x44,0x44,0x44,0x40,0x10,0x10,0xFF,0x10,0x10,0x10,0xF0,0x00,0x00,
	0x10,0x3C,0x13,0x10,0x14,0xB8,0x40,0x30,0x0E,0x01,0x40,0x80,0x40,0x3F,0x00,0x00,

	"稳",
	0x24,0x24,0xA4,0xFE,0xA3,0x22,0x08,0x94,0x92,0x93,0x92,0x9A,0x96,0xF0,0x00,0x00,
	0x08,0x06,0x01,0xFF,0x00,0x83,0x60,0x04,0x64,0x8C,0xB4,0x84,0xC4,0x17,0x60,0x00,

	"压",
	0x00,0x00,0xFE,0x02,0x82,0x82,0x82,0x82,0xFA,0x82,0x82,0x82,0x82,0x82,0x02,0x00,
	0x80,0x60,0x1F,0x40,0x40,0x40,0x40,0x40,0x7F,0x40,0x40,0x44,0x58,0x40,0x40,0x00,

	"升",
	0x80,0x80,0x84,0x84,0x84,0xFE,0x82,0x83,0x82,0x80,0xFF,0x80,0x80,0x80,0x80,0x00,
	0x00,0x80,0x40,0x20,0x18,0x07,0x00,0x00,0x00,0x00,0xFF,0x00,0x00,0x00,0x00,0x00,

	"降",
	0x00,0xFE,0x02,0x22,0xDA,0x86,0x90,0x48,0x57,0x24,0xA4,0x54,0x4C,0x84,0x80,0x00,
	0x00,0xFF,0x08,0x10,0x08,0x07,0x18,0x12,0x12,0x12,0xFF,0x12,0x12,0x12,0x10,0x00,

	"滤",
	0x10,0x60,0x02,0x8C,0x00,0xF8,0x48,0x48,0x48,0xFF,0x2A,0x2A,0x0A,0xCA,0x18,0x00,
	0x04,0x04,0x7E,0x81,0x60,0x1F,0x80,0x70,0x00,0x78,0x83,0x8D,0xC1,0x09,0x70,0x00,

	"波",
	0x10,0x60,0x02,0x0C,0xC0,0x00,0xF8,0x88,0x88,0x88,0xFF,0x88,0x88,0xA8,0x18,0x00,
	0x04,0x04,0x7C,0x03,0x80,0x60,0x1F,0x80,0x43,0x2C,0x10,0x28,0x46,0x81,0x80,0x00,

	"容",
	0x10,0x0C,0x44,0x24,0x14,0x84,0x45,0x26,0x44,0x84,0x14,0x24,0x44,0x14,0x0C,0x00,
	0x04,0x04,0x02,0xFE,0x45,0x44,0x44,0x44,0x44,0x44,0x45,0xFE,0x02,0x04,0x04,0x00,

	"感",
	0x00,0x00,0xFC,0x04,0xD4,0x54,0x54,0x54,0xD4,0x04,0x7F,0x84,0xC5,0x36,0x04,0x00,
	0x88,0x66,0x01,0x00,0x63,0x82,0x82,0x92,0xAB,0x84,0x82,0xC1,0x02,0x24,0xCF,0x00,

	"二",
	0x00,0x00,0x08,0x08,0x08,0x08,0x08,0x08,0x08,0x08,0x08,0x08,0x08,0x00,0x00,0x00,
	0x10,0x10,0x10,0x10,0x10,0x10,0x10,0x10,0x10,0x10,0x10,0x10,0x10,0x10,0x10,0x00,

	"极",
	0x10,0x10,0xD0,0xFF,0x90,0x10,0x02,0x02,0xFE,0x02,0x02,0x62,0x5A,0xC6,0x00,0x00,
	0x04,0x03,0x00,0xFF,0x00,0x43,0x30,0x8F,0x80,0x43,0x2C,0x10,0x2C,0x43,0x80,0x00,

	"管",
	0x88,0x64,0x23,0xA2,0xA6,0xAA,0xA2,0xBA,0xA4,0xA3,0xA2,0x26,0x2A,0xA2,0x62,0x00,
	0x00,0x00,0x00,0xFF,0x4A,0x4A,0x4A,0x4A,0x4A,0x4A,0x4B,0xF8,0x00,0x00,0x00,0x00,

	"三",
	0x00,0x04,0x84,0x84,0x84,0x84,0x84,0x84,0x84,0x84,0x84,0x84,0x84,0x04,0x00,0x00,
	0x20,0x20,0x20,0x20,0x20,0x20,0x20,0x20,0x20,0x20,0x20,0x20,0x20,0x20,0x20,0x00,

	"场",
	0x20,0x20,0xFF,0x20,0x20,0x00,0x42,0xE2,0x52,0x4A,0xC6,0x42,0x40,0xC0,0x00,0x00,
	0x10,0x30,0x1F,0x08,0x28,0x10,0x8C,0x43,0x20,0x18,0x47,0x80,0x40,0x3F,0x00,0x00,

	"效",
	0x88,0x48,0x28,0x09,0x0A,0x28,0x48,0x88,0x80,0x70,0x8F,0x08,0x08,0xF8,0x08,0x00,
	0x40,0x20,0x11,0x0A,0x04,0x0B,0x30,0x80,0x40,0x20,0x13,0x0C,0x33,0x40,0x80,0x00,

	"闸",
	0x00,0xF8,0x01,0x02,0xF0,0x92,0x92,0xF2,0x92,0x92,0xF2,0x02,0x02,0xFE,0x00,0x00,
	0x00,0xFF,0x00,0x00,0x0F,0x04,0x04,0x7F,0x04,0x04,0x0F,0x40,0x80,0x7F,0x00,0x00,

	"继",
	0x20,0x30,0xAC,0x63,0x10,0x00,0xFE,0x48,0x50,0x40,0xFF,0x40,0x50,0x48,0x00,0x00,
	0x22,0x67,0x22,0x12,0x12,0x00,0x7F,0x44,0x42,0x41,0x7F,0x41,0x42,0x44,0x40,0x00,

	"器",
	0x80,0x80,0x9E,0x92,0x92,0x92,0x9E,0xE0,0x80,0x9E,0xB2,0xD2,0x92,0x9E,0x80,0x00,
	0x08,0x08,0xF4,0x94,0x92,0x92,0xF1,0x00,0x01,0xF2,0x92,0x94,0x94,0xF8,0x08,0x00,

	"光",
	0x40,0x40,0x42,0x44,0x58,0xC0,0x40,0x7F,0x40,0xC0,0x50,0x48,0x46,0x40,0x40,0x00,
	0x80,0x80,0x40,0x20,0x18,0x07,0x00,0x00,0x00,0x3F,0x40,0x40,0x40,0x40,0x78,0x00,

	"耦",
	0x88,0xA8,0xA8,0xFF,0xA8,0x88,0x00,0x7F,0x49,0x49,0xFF,0x49,0x49,0x7F,0x00,0x00,
	0x20,0x18,0x06,0xFF,0x02,0x04,0xFE,0x02,0x12,0x12,0x1F,0x12,0x3A,0x82,0xFE,0x00,

	"传",
	0x00,0x80,0x60,0xF8,0x07,0x40,0x48,0x48,0xE8,0x5F,0x48,0x48,0x48,0x40,0x40,0x00,
	0x01,0x00,0x00,0xFF,0x00,0x00,0x02,0x0B,0x12,0x22,0xD2,0x0A,0x06,0x00,0x00,0x00,

	"焊",
	0x80,0x70,0x00,0xFF,0x20,0x10,0x00,0x3E,0x2A,0x2A,0x2A,0x2A,0x2A,0x3E,0x00,0x00,
	0x80,0x60,0x18,0x07,0x08,0x30,0x08,0x09,0x09,0x09,0xFF,0x09,0x09,0x09,0x08,0x00,

	"名",
	0x00,0x20,0x20,0x10,0x08,0x14,0x67,0x84,0x44,0x24,0x14,0x0C,0x00,0x00,0x00,0x00,
	0x04,0x04,0x04,0x02,0xFE,0x43,0x43,0x42,0x42,0x42,0x42,0x42,0xFE,0x00,0x00,0x00,/*"名",0*/

	"称",
	0x24,0x24,0xA4,0xFE,0x23,0x22,0x40,0x30,0x0F,0x08,0xC8,0x08,0x08,0x28,0x18,0x00,
	0x08,0x06,0x01,0xFF,0x01,0x02,0x10,0x0C,0x43,0x80,0x7F,0x00,0x01,0x06,0x18,0x00,/*"称",1*/

	"剩",
	0x48,0x4A,0xFA,0x0A,0xFE,0x09,0xF9,0x49,0xA8,0x00,0x00,0xF0,0x00,0x00,0xFF,0x00,
	0x22,0x11,0x0B,0x04,0xFF,0x04,0x09,0x12,0x23,0x00,0x00,0x0F,0x40,0x80,0x7F,0x00,/*"剩",2*/

	"余",
	0x80,0x80,0x40,0x20,0x50,0x48,0x44,0xC3,0x44,0x48,0x50,0x20,0x40,0x80,0x80,0x00,
	0x00,0x40,0x22,0x1A,0x02,0x42,0x82,0x7F,0x02,0x02,0x02,0x0A,0x12,0x60,0x00,0x00,/*"余",3*/

	"栈",
	0x10,0x10,0xD0,0xFF,0x90,0x10,0x00,0x90,0x90,0xFF,0x90,0x49,0x4A,0x48,0x40,0x00,
	0x04,0x03,0x00,0xFF,0x00,0x01,0x40,0x40,0x20,0x13,0x0C,0x14,0x22,0x41,0xF8,0x00,/*"栈",4*/

	"基",
	0x00,0x04,0x04,0x04,0xFF,0x54,0x54,0x54,0x54,0x54,0xFF,0x04,0x04,0x04,0x00,0x00,
	0x11,0x11,0x89,0x85,0x93,0x91,0x91,0xFD,0x91,0x91,0x93,0x85,0x89,0x11,0x11,0x00,

	"础",
	0x04,0x84,0xE4,0x5C,0x44,0xC4,0x00,0x7C,0x40,0x40,0xFF,0x40,0x40,0x7C,0x00,0x00,
	0x02,0x01,0x7F,0x10,0x10,0x3F,0x00,0x7E,0x40,0x40,0x7F,0x40,0x40,0xFE,0x00,0x00,

	"环",
	0x04,0x84,0x84,0xFC,0x84,0x84,0x00,0x04,0x04,0x84,0xE4,0x1C,0x84,0x04,0x04,0x00,
	0x20,0x60,0x20,0x1F,0x10,0x10,0x04,0x02,0x01,0x00,0xFF,0x00,0x00,0x01,0x06,0x00,

	"码",
	0x04,0x84,0xE4,0x5C,0x44,0xC4,0x00,0x02,0xF2,0x82,0x82,0x82,0xFE,0x80,0x80,0x00,
	0x02,0x01,0x7F,0x10,0x10,0x3F,0x00,0x08,0x08,0x08,0x08,0x48,0x88,0x40,0x3F,0x00,

	"脉",
	0x00,0xFE,0x22,0x22,0xFE,0x00,0x40,0x48,0xC8,0x09,0xFA,0xE4,0x40,0x20,0x10,0x00,
	0x80,0x7F,0x02,0x82,0xFF,0x20,0x10,0x0C,0x43,0x80,0x7F,0x00,0x07,0x18,0x20,0x00,

	"冲",
	0x00,0x02,0x0C,0xC0,0x00,0xF0,0x10,0x10,0x10,0xFF,0x10,0x10,0x10,0xF0,0x00,0x00,
	0x02,0x02,0x7F,0x00,0x00,0x0F,0x04,0x04,0x04,0xFF,0x04,0x04,0x04,0x0F,0x00,0x00,

	"旋",
	0x10,0x10,0xF1,0x96,0x90,0x90,0x10,0x28,0x27,0x24,0xE4,0x24,0x24,0xE4,0x04,0x00,
	0x80,0x60,0x1F,0x40,0x80,0x7F,0x80,0x60,0x1F,0x20,0x7F,0x44,0x44,0x44,0x40,0x00,

	"累",
	0x00,0x00,0x3E,0x2A,0x2A,0xAA,0x6A,0x3E,0x2A,0x2A,0xAA,0x2A,0x3E,0x00,0x00,0x00,
	0x00,0x80,0x48,0x29,0x09,0x4D,0x8D,0x7B,0x0B,0x09,0x28,0x4C,0x98,0x00,0x00,0x00,
	

	
	
	/*未找到指定汉字时显示的默认图形（一个方框，内部一个问号），请确保其位于数组最末尾*/
	"",		
	0xFF,0x01,0x01,0x01,0x31,0x09,0x09,0x09,0x09,0x89,0x71,0x01,0x01,0x01,0x01,0xFF,
	0xFF,0x80,0x80,0x80,0x80,0x80,0x80,0x96,0x81,0x80,0x80,0x80,0x80,0x80,0x80,0xFF,

};

/*********************汉字字模数据*/


/*图像数据*********************/

/*测试图像（一个方框，内部一个二极管符号），宽16像素，高16像素*/
const uint8_t Diode[] = {
	0xFF,0x01,0x81,0x81,0x81,0xFD,0x89,0x91,0xA1,0xC1,0xFD,0x81,0x81,0x81,0x01,0xFF,
	0xFF,0x80,0x80,0x80,0x80,0x9F,0x88,0x84,0x82,0x81,0x9F,0x80,0x80,0x80,0x80,0xFF,
};

/*按照上面的格式，在这个位置加入新的图像数据*/
//...

/*********************图像数据*/


/*****************江协科技|版权所有****************/
/*****************jiangxiekeji.com*****************/
